srNo,vendor,invoiceNo,contractNo,wellName,invoiceDate,receivingDate,clearanceDate,loginDate,yr,receivingMonth,serviceMonth,qtr,service,type,department,region,rig,location,amountInclTax,status
"1","Sprint Oil & Gas Services FZ-Pakistan","CMT-PK-0826-008","OGDCL-SCM-SERVICES-CB-CEM-265732025-4600000803-2025","BOBI-11","2026-09-08","","","2026-10-07","2026","","","Q2","Slurry Charges for 20"" Csg Job","Contractor Services","Cementation/Stim","","","","40000","Under Process"
"2","Sprint Oil & Gas Services FZ-Pakistan","CMT-PK-0926-006","OGDCL-SCM-SERVICES-CB-CEM-265732025-4600000803-2025","UCH WDW-1","2026-09-08","","","2026-10-07","2026","","","Q2","","Contractor Services","Cementation/Stim","","","","6844","Under Process"
"3","Sprint Oil & Gas Services FZ-Pakistan","CMT-PK-0926-004","OGDCL-SCM-SERVICES-CB-CEM-265732025-4600000803-2025","MARU-3","2026-09-08","","","2026-10-07","2026","","","Q4","Slurry Charges for 9-5/8"" Csg Job","Contractor Services","Cementation/Stim","","","","2124","Under Process"
"4","Sprint Oil & Gas Services FZ-Pakistan","CMT-PK-0626-003","OGDCL-SCM-SERVICES-CB-CEM-265732025-4600000803-2025","BOBI DEEP-1","2026-05-26","","","2026-10-07","2026","","","Q2","","Contractor Services","Cementation/Stim","","","","136.505","Under Process"
"5","Sprint Oil & Gas Services FZ-Pakistan","CMT-PK-0926-00","OGDCL-SCM-SERVICES-CB-CEM-265732025-4600000803-2025","SUJAWAL SOUTH X-1","2026-09-26","","","2026-10-07","2026","","","Q2","Crew Standby Charges+Solution Tank mob+per day","Contractor Services","Cementation/Stim","","","","9803.75","Under Process"
"6","Sprint Oil & Gas Services FZ-Pakistan","CMT-PK-0926-009","OGDCL-SCM-SERVICES-CB-CEM-265732025-4600000803-2025","UCH WDW-1","2026-09-08","","","2026-10-07","2026","","","Q1","","Contractor Services","Cementation/Stim","","","","80.5","Under Process"
"7","Dowell Schlumberger (Western) SA","994859502","OGDCL-SCM-SERVICES-CB-CEM-278762293-4600000959-2025","BARAGZAI X-1","","","","2026-10-07","2025","","","Q1","Mob of additional Eqp [RO# 4700017529] [SES# 1000063662]","Contractor Services","Cementation/Stim","","","","39220","Under Process"
"8","Dowell Schlumberger (Western) SA","994859510","OGDCL-SCM-SERVICES-CB-CEM-278762293-4600000959-2025","BARAGZAI X-1","","","","2026-10-07","2025","","","Q3","11 3/4"" liner job [RO# 4700017572] [SES# 1000063844]","Contractor Services","Cementation/Stim","","","","65629","Under Process"
"9","Dowell Schlumberger (Western) SA","994859544","OGDCL-SCM-SERVICES-CB-CEM-278762293-4600000959-2025","Toot Deep-1","","","","2026-10-07","2025","","","Q4","Squeez Plug (08.07.2025) [RO# 4700017916] [SES# 1000065650]","Contractor Services","Cementation/Stim","","","","4350","Under Process"
"10","Dowell Schlumberger (Western) SA","994859557","OGDCL-SCM-SERVICES-CB-CEM-278762293-4600000959-2025","BARAGZAI X-1","","","","2026-10-07","2025","","","Q2","Additional Eqp(unit & Batch mixer) Charges [RO# 4700017621] [SES# 1000063997]","Contractor Services","Cementation/Stim","","","","3500","Under Process"
"11","Dowell Schlumberger (Western) SA","994859574","OGDCL-SCM-SERVICES-CB-CEM-278762293-4600000959-2025","GURGALOT X-1","","","","2026-10-07","2025","","","Q2","Mob of cementing package (Returned to vendor as 16 % PST applied intead of 15% old invice num is 994859501) [RO# 4700017534] [SES# 1000063669]","Contractor Services","Cementation/Stim","","","","68300","Under Process"
"12","Dowell Schlumberger (Western) SA","994859637","OGDCL-SCM-SERVICES-CB-CEM-278762293-4600000959-2025","BARAGZAI X-1","","","","2026-10-07","2025","","","Q2","9 5/8"" job (19.08.2025) [RO# 4700017939] [SES# 1000066037]","Contractor Services","Cementation/Stim","","","","166050","Under Process"
"13","Dowell Schlumberger (Western) SA","994859638","OGDCL-SCM-SERVICES-CB-CEM-278762293-4600000959-2025","BETTANI DEEP-1","","","","2026-10-07","2025","","","Q2","5"" LINER JOB [RO# 4700019304] [SES# 1000071154]","Contractor Services","Cementation/Stim","","","","17475","Under Process"
"14","Dowell Schlumberger (Western) SA","994859647","OGDCL-SCM-SERVICES-CB-CEM-278762293-4600000959-2025","BARAGZAI X-1","","","","2026-10-07","2025","","","Q2","Additional Eqp DeMob [RO# 4700018563] [SES# 1000068333]","Contractor Services","Cementation/Stim","","","","21010","Under Process"
"15","Dowell Schlumberger (Western) SA","994859648","OGDCL-SCM-SERVICES-CB-CEM-278762293-4600000959-2025","GURGALOT X-1","","","","2026-10-07","2025","","","Q3","Additives for 24 1/2"" Job [RO# 4700017938] [SES# 1000066041]","Contractor Services","Cementation/Stim","","","","8480","Under Process"
"16","Dowell Schlumberger (Western) SA","994859672","OGDCL-SCM-SERVICES-CB-CEM-278762293-4600000959-2025","BETTANI DEEP-1","","","","2026-10-07","2025","","","Q2","7"" Tie back liner [RO# 4700019264] [SES# 1000071018]","Contractor Services","Cementation/Stim","","","","11475","Under Process"
"17","Dowell Schlumberger (Western) SA","994859676","OGDCL-SCM-SERVICES-CB-CEM-278762293-4600000959-2025","Toot Deep-1","","","","2026-10-07","2025","","","Q3","Squeez Plug 1 (04.09.2025) [RO# 4700018445] [SES# 1000067588]","Contractor Services","Cementation/Stim","","","","4350","Under Process"
"18","Dowell Schlumberger (Western) SA","994859698","OGDCL-SCM-SERVICES-CB-CEM-278762293-4600000959-2025","GURGALOT X-1","","","","2026-10-07","2025","","","Q3","Additional Eqp(Frac Tank) Charges [RO# 4700018915] [SES# 1000069622]","Contractor Services","Cementation/Stim","","","","7600","Under Process"
"19","Dowell Schlumberger (Western) SA","994859699","OGDCL-SCM-SERVICES-CB-CEM-278762293-4600000959-2025","Toot Deep-1","","","","2026-10-07","2025","","","Q2","Squeez Plug 3 (14.09.2025) [RO# 4700018814] [SES# 1000069152]","Contractor Services","Cementation/Stim","","","","4350","Under Process"
"20","Dowell Schlumberger (Western) SA","994859700","OGDCL-SCM-SERVICES-CB-CEM-278762293-4600000959-2025","Toot Deep-1","","","","2026-10-07","2025","","","Q4","Squeez Plug 4 (20.09.2025) [RO# 4700018815] [SES# 1000069155]","Contractor Services","Cementation/Stim","","","","4350","Under Process"
"21","Dowell Schlumberger (Western) SA","994859701","OGDCL-SCM-SERVICES-CB-CEM-278762293-4600000959-2025","Toot Deep-1","","","","2026-10-07","2025","","","Q2","Squeez Plug 2 (08.09.2025) [RO# 4700018803] [SES# 1000069144]","Contractor Services","Cementation/Stim","","","","4350","Under Process"
"22","Dowell Schlumberger (Western) SA","994859702","OGDCL-SCM-SERVICES-CB-CEM-278762293-4600000959-2025","GURGALOT X-1","","","","2026-10-07","2025","","","Q3","18 5/8"" Casing [RO# 4700019048] [SES# 1000070334]","Contractor Services","Cementation/Stim","","","","80730","Under Process"
"23","Dowell Schlumberger (Western) SA","994859735","OGDCL-SCM-SERVICES-CB-CEM-278762293-4600000959-2025","GURGALOT X-1","","","","2026-10-07","2025","","","Q2","(Returned to vendor as 16 % PST applied intead of 15%old invice num is 994859558) [RO# 4700017579] [SES# 1000063858]","Contractor Services","Cementation/Stim","","","","7600","Under Process"
"24","Dowell Schlumberger (Western) SA","994859785","OGDCL-SCM-SERVICES-CB-CEM-278762293-4600000959-2025","BETTANI DEEP-1","","","","2026-10-07","2025","","","Q1","De Mob of Cementing Pacakge [RO# 4700019310] [SES# 1000071182]","Contractor Services","Cementation/Stim","","","","119525","Under Process"
"25","Dowell Schlumberger (Western) SA","994859842","OGDCL-SCM-SERVICES-CB-CEM-278762293-4600000959-2025","BARAGZAI X-1","","","","2026-10-07","2025","","","Q4","7"" Liner Job (29.09.2025) [RO# 4700019504] [SES# 1000072280]","Contractor Services","Cementation/Stim","","","","34720","Under Process"
"26","Dowell Schlumberger (Western) SA","994859843","OGDCL-SCM-SERVICES-CB-CEM-278762293-4600000959-2025","BARAGZAI X-1","","","","2026-10-07","2025","","","Q4","5"" LINER JOB [RO# 4700019494] [SES# 1000072260]","Contractor Services","Cementation/Stim","","","","11640","Under Process"
"27","Dowell Schlumberger (Western) SA","994859847","OGDCL-SCM-SERVICES-CB-CEM-278762293-4600000959-2025","RAJIAN-09","","","","2026-10-07","2025","","","Q4","Isolation/Squeee plug [RO# 4700019516] [SES# 1000072316]","Contractor Services","Cementation/Stim","","","","4110","Under Process"
"28","Dowell Schlumberger (Western) SA","994859863","OGDCL-SCM-SERVICES-CB-CEM-278762293-4600000959-2025","RAJIAN-02","","","","2026-10-07","2025","","","Q4","Mob of Cmt Pkg [RO# 4700019669] [SES# 1000073134]","Contractor Services","Cementation/Stim","","","","683","Under Process"
"29","Dowell Schlumberger (Western) SA","994859871","OGDCL-SCM-SERVICES-CB-CEM-278762293-4600000959-2025","GURGALOT X-1","","","","2026-10-07","2025","","","Q2","Mob/Demob of add silos [RO# 4700019564] [SES# 1000072468]","Contractor Services","Cementation/Stim","","","","38000","Under Process"
"30","Dowell Schlumberger (Western) SA","994859872","OGDCL-SCM-SERVICES-CB-CEM-278762293-4600000959-2025","RAJIAN-09","","","","2026-10-07","2025","","","Q4","Mob of Cmt Pkg [RO# 47000019677] [SES# 1000073154]","Contractor Services","Cementation/Stim","","","","37565","Under Process"
"31","Dowell Schlumberger (Western) SA","994859893","OGDCL-SCM-SERVICES-CB-CEM-278762293-4600000959-2025","RAJIAN-02","","","","2026-10-07","2025","","","Q2","Isolation/Squeee plug [RO# 4700019885] [SES# 1000073942]","Contractor Services","Cementation/Stim","","","","4250","Under Process"
"32","Dowell Schlumberger (Western) SA","994859894","OGDCL-SCM-SERVICES-CB-CEM-278762293-4600000959-2025","RAJIAN-02","","","","2026-10-07","2025","","","Q1","Isolation/Squeee plug 2 [RO# 4700019886] [SES# 1000073944]","Contractor Services","Cementation/Stim","","","","4850","Under Process"
"33","Dowell Schlumberger (Western) SA","994859921","OGDCL-SCM-SERVICES-CB-CEM-278762293-4600000959-2025","RAJIAN-02","","","","2026-10-07","2025","","","Q3","Isolation/Squeee plug 3 [RO# 4700019887] [SES# 1000073951]","Contractor Services","Cementation/Stim","","","","4490","Under Process"
"34","Dowell Schlumberger (Western) SA","994859954","OGDCL-SCM-SERVICES-CB-CEM-278762293-4600000959-2025","GURGALOT X-1","","","","2026-10-07","2026","","","Q3","13 3/8"" Casing [RO# 4700020173] [SES# 1000075059]","Contractor Services","Cementation/Stim","","","","287550","Under Process"
"35","Dowell Schlumberger (Western) SA","994860010","OGDCL-SCM-SERVICES-CB-CEM-278762293-4600000959-2025","KAL-03","","","","2026-10-07","2026","","","Q1","Isolation plug [RO# 4700021276] [SES# 1000079748]","Contractor Services","Cementation/Stim","","","","3400","Under Process"
"36","Dowell Schlumberger (Western) SA","994860011","OGDCL-SCM-SERVICES-CB-CEM-278762293-4600000959-2025","GURGALOT X-1","","","","2026-10-07","2026","","","Q3","Demob of additional eqp [RO# 4700021279] [SES# 1000079767]","Contractor Services","Cementation/Stim","","","","26220","Under Process"
"37","Dowell Schlumberger (Western) SA","994860039","OGDCL-SCM-SERVICES-CB-CEM-278762293-4600000959-2025","RAJIAN-02","","","","2026-10-07","2026","","","Q4","P & A (Surface) [RO# 4700021367] [SES# 1000080097]","Contractor Services","Cementation/Stim","","","","5940","Under Process"
"38","Dowell Schlumberger (Western) SA","994860040","OGDCL-SCM-SERVICES-CB-CEM-278762293-4600000959-2025","RAJIAN-02","","","","2026-10-07","2026","","","Q3","P & A (Bottom) [RO# 4700021859] [SES# 1000081815]","Contractor Services","Cementation/Stim","","","","10150","Under Process"
"39","Dowell Schlumberger (Western) SA","994860146","OGDCL-SCM-SERVICES-CB-CEM-278762293-4600000959-2025","GURGALOT X-1","","","","2026-10-07","2026","","","Q1","Mob Demob of additional eqpt [RO# 4700023511] [SES# 1000088486]","Contractor Services","Cementation/Stim","","","","53904.8544","Cleared"
"40","Dowell Schlumberger (Western) SA","994860151","OGDCL-SCM-SERVICES-CB-CEM-278762293-4600000959-2025","RAJIAN-08","","","","2026-10-07","2026","","","Q2","moB/dEmob of Cmt Package [RO# 4700022234] [SES# 1000083164]","Contractor Services","Cementation/Stim","","","","4098","Under Process"
"41","Dowell Schlumberger (Western) SA","994860152","OGDCL-SCM-SERVICES-CB-CEM-278762293-4600000959-2025","GURGALOT X-1","","","","2026-10-07","2026","","","Q4","9 5/8"" Casing [RO# 4700022531] [SES# 1000084434]","Contractor Services","Cementation/Stim","","","","107060","Under Process"
"42","Dowell Schlumberger (Western) SA","994860195","OGDCL-SCM-SERVICES-CB-CEM-278762293-4600000959-2025","BARAGZAI X-1","","","","2026-10-07","2026","","","Q3","Demob of Cementing Package [RO# 4700022146] [SES# 1000082905]","Contractor Services","Cementation/Stim","","","","80252.5","Under Process"
"43","Dowell Schlumberger (Western) SA","994860199","OGDCL-SCM-SERVICES-CB-CEM-278762293-4600000959-2025","CHAK 203-1","","","","2026-10-07","2026","","","Q4","13 3/8"" Casing [RO# 4700022517] [SES# 1000084381]","Contractor Services","Cementation/Stim","","","","30340","Under Process"
"44","Dowell Schlumberger (Western) SA","994860226","OGDCL-SCM-SERVICES-CB-CEM-278762293-4600000959-2025","CHAK 203-1","","","","2026-10-07","2026","","","Q3","9 5/8"" Casing [RO# 4700022550] [SES# 1000084527]","Contractor Services","Cementation/Stim","","","","39250","Under Process"
"45","Dowell Schlumberger (Western) SA","994860264","OGDCL-SCM-SERVICES-CB-CEM-278762293-4600000959-2025","CHAK 203-1","","","","2026-10-07","2026","","","Q2","P&A (Bottom) [RO# 4700022551] [SES# 1000084530]","Contractor Services","Cementation/Stim","","","","4825","Under Process"
"46","Dowell Schlumberger (Western) SA","994860265","OGDCL-SCM-SERVICES-CB-CEM-278762293-4600000959-2025","CHAK 203-1","","","","2026-10-07","2026","","","Q4","P&A (Surface) [RO# 4700022552] [SES# 1000084532]","Contractor Services","Cementation/Stim","","","","2772","Under Process"
"47","Dowell Schlumberger (Western) SA","994860291","OGDCL-SCM-SERVICES-CB-CEM-278762293-4600000959-2025","Humwala-1","","","","2026-10-07","2026","","","Q4","Mobilization of Cementing Package [RO# 4700022555] [SES# 1000084565]","Contractor Services","Cementation/Stim","","","","73703.213","Cleared"
"48","Dowell Schlumberger (Western) SA","994860292","OGDCL-SCM-SERVICES-CB-CEM-278762293-4600000959-2025","Humwala-1","","","","2026-10-07","2026","","","Q1","Mobilization of Silo [RO# 4700022720] [SES# 1000085295]","Contractor Services","Cementation/Stim","","","","8201.236","Cleared"
"49","Dowell Schlumberger (Western) SA","994860317","OGDCL-SCM-SERVICES-CB-CEM-278762293-4600000959-2025","Humwala-1","","","","2026-10-07","2026","","","Q1","20in Casing Job [RO# 4700023253] [SES# 1000087388]","Contractor Services","Cementation/Stim","","","","81880.082","Cleared"
"50","Dowell Schlumberger (Western) SA","994860361","OGDCL-SCM-SERVICES-CB-CEM-278762293-4600000959-2025","Humwala-1","","","","2026-10-07","2026","","","Q1","Mobilization of 2000Silo, 1000silo, Air Compressor [RO# 4700023248] [SES# 1000087375]","Contractor Services","Cementation/Stim","","","","24603.708","Cleared"
"51","Dowell Schlumberger (Western) SA","994860410","OGDCL-SCM-SERVICES-CB-CEM-278762293-4600000959-2025","Humwala-1","","","","2026-10-07","2026","","","Q1","13-3/8"" Casing Job at Humwala-1 [RO# 4700023560] [SES# 1000088515]","Contractor Services","Cementation/Stim","","","","317467.2","Cleared"
"52","Dowell Schlumberger (Western) SA","994860411","OGDCL-SCM-SERVICES-CB-CEM-278762293-4600000959-2025","Fimkasar-4","","","","2026-10-07","2026","","","Q1","Bottom Cement Plug P&A [RO# 4700023552] [SES# 1000088507]","Contractor Services","Cementation/Stim","","","","5047.45","Cleared"
"53","Dowell Schlumberger (Western) SA","994860412","OGDCL-SCM-SERVICES-CB-CEM-278762293-4600000959-2025","Fimkasar-4","","","","2026-10-07","2026","","","Q3","Top Cement Plug P&A [RO# 4700023591] [SES# 1000088710]","Contractor Services","Cementation/Stim","","","","3446.19","Cleared"
"54","Dowell Schlumberger (Western) SA","994860413","OGDCL-SCM-SERVICES-CB-CEM-278762293-4600000959-2025","Humwala-1","","","","2026-10-07","2026","","","Q4","Demob of solution tank [RO# 4700023554] [SES# 1000088510]","Contractor Services","Cementation/Stim","","","","8201.236","Cleared"
"55","Dowell Schlumberger (Western) SA","994860414","OGDCL-SCM-SERVICES-CB-CEM-278762293-4600000959-2025","Fimkasar-4","","","","2026-10-07","2026","","","Q3","Mob of pakg rajian-8 to fmksr-4 [RO# 4700023549] [SES# 1000088496]","Contractor Services","Cementation/Stim","","","","30907.1028","Cleared"
"56","Dowell Schlumberger (Western) SA","994860415","OGDCL-SCM-SERVICES-CB-CEM-278762293-4600000959-2025","Garhi X2","","","","2026-10-07","2026","","","Q4","Mob of pkg to Garhi from isb [RO# 4700023556] [SES# 1000088511]","Contractor Services","Cementation/Stim","","","","59438.075","Cleared"
"57","Sprint Oil & Gas Services FZ-Pakistan","CMT-PK-0114-005","PROC-FD/CB/WS-299-767298 /2013","RAJIAN-2","","","","2026-10-07","2014","","","Q3","","Contractor Services","Cementation/Stim","","","","15602","Under Process"
"58","Sprint Oil & Gas Services FZ-Pakistan","CMT-PK-0114-006","PROC-FD/CB/WS-299-767298 /2013","MELA-04","","","","2026-10-07","2014","","","Q1","","Contractor Services","Cementation/Stim","","","","15950","Under Process"
"59","Sprint Oil & Gas Services FZ-Pakistan","CMT-PK-0115-005","PROC-FD/CB/WS-299-767298 /2013","DAKHNI DEEP-5","","","","2026-10-07","2015","","","Q2","","Contractor Services","Cementation/Stim","","","","10799.6","Under Process"
"60","Sprint Oil & Gas Services FZ-Pakistan","CMT-PK-0115-009","PROC-FD/CB/WS-299-767298 /2013","NASHPA-6","","","","2026-10-07","2015","","","Q3","","Contractor Services","Cementation/Stim","","","","119082.5","Under Process"
"61","Sprint Oil & Gas Services FZ-Pakistan","CMT-PK-0126-001","OGDCL-SCM-SERVICES-CB-CEM-265732025-4600000803-2025","MOOLAN-1","","","","2026-10-07","2025","","","Q4","Slurry & Spacer Charges Squeeze Cement Plug","Contractor Services","Cementation/Stim","","","","3784.378","Under Process"
"62","Sprint Oil & Gas Services FZ-Pakistan","CMT-PK-0214-003","PROC-FD/CB/WS-299-767298 /2013","MELA-4","","","","2026-10-07","2014","","","Q3","","Contractor Services","Cementation/Stim","","","","82219.5","Under Process"
"63","Sprint Oil & Gas Services FZ-Pakistan","CMT-PK-0214-004","PROC-FD/CB/WS-299-767298 /2013","MELA-4","","","","2026-10-07","2014","","","Q3","","Contractor Services","Cementation/Stim","","","","15120","Under Process"
"64","Sprint Oil & Gas Services FZ-Pakistan","CMT-PK-0215-004","PROC-FD/CB/WS-299-767298 /2013","NASHPA-5","","","","2026-10-07","2015","","","Q2","","Contractor Services","Cementation/Stim","","","","18342.5","Under Process"
"65","Sprint Oil & Gas Services FZ-Pakistan","CMT-PK-0215-009","PROC-FD/CB/WS-299-767298 /2013","NASHPA-6","","","","2026-10-07","2015","","","Q3","","Contractor Services","Cementation/Stim","","","","18466.13","Under Process"
"66","Sprint Oil & Gas Services FZ-Pakistan","CMT-PK-0226-007","OGDCL-SCM-SERVICES-CB-CEM-265732025-4600000803-2025","JHAKRO NORTH-1","","","","2026-10-07","2025","","","Q4","Slurry & Spacer Charges Cement Base Plug","Contractor Services","Cementation/Stim","","","","5409.1908","Under Process"
"67","Sprint Oil & Gas Services FZ-Pakistan","CMT-PK-0226-008","OGDCL-SCM-SERVICES-CB-CEM-265732025-4600000803-2025","QP-64","","","","2026-10-07","2025","","","Q1","Equipment Demob+ Monthly Crew Charges","Contractor Services","Cementation/Stim","","","","1113.92","Under Process"
"68","Sprint Oil & Gas Services FZ-Pakistan","CMT-PK-0226-009","OGDCL-SCM-SERVICES-CB-CEM-265732025-4600000803-2025","JHAKRO NORTH-1","","","","2026-10-07","2025","","","Q4","Monthly Crew Charges","Contractor Services","Cementation/Stim","","","","118","Under Process"
"69","Sprint Oil & Gas Services FZ-Pakistan","CMT-PK-0226-010","OGDCL-SCM-SERVICES-CB-CEM-265732025-4600000803-2025","JHAKRO NORTH-1","","","","2026-10-07","2025","","","Q3","Slurry Charges Top Cement Plug","Contractor Services","Cementation/Stim","","","","1180","Under Process"
"70","Sprint Oil & Gas Services FZ-Pakistan","CMT-PK-0226-011","OGDCL-SCM-SERVICES-CB-CEM-265732025-4600000803-2025","KATIAR-1","","","","2026-10-07","2025","","","Q3","Equipment Mob+ Monthly Crew Charges","Contractor Services","Cementation/Stim","","","","76.7","Under Process"
"71","Sprint Oil & Gas Services FZ-Pakistan","CMT-PK-0226-012","OGDCL-SCM-SERVICES-CB-CEM-265732025-4600000803-2025","THAL WEST-1A","","","","2026-10-07","2025","","","Q3","Slurry & Spacer Charges Cement Plug","Contractor Services","Cementation/Stim","","","","6138.2538","Under Process"
"72","Sprint Oil & Gas Services FZ-Pakistan","CMT-PK-0226-013","OGDCL-SCM-SERVICES-CB-CEM-265732025-4600000803-2025","CHANDIO-1","","","","2026-10-07","2025","","","Q3","Equipment Demob+ Monthly Crew Charges","Contractor Services","Cementation/Stim","","","","2964.16","Under Process"
"73","Sprint Oil & Gas Services FZ-Pakistan","CMT-PK-0226-014","OGDCL-SCM-SERVICES-CB-CEM-265732025-4600000803-2025","DARS WEST-3","","","","2026-10-07","2025","","","Q4","Equipment Mob+ Monthly Crew Charges","Contractor Services","Cementation/Stim","","","","3413.622","Under Process"
"74","Sprint Oil & Gas Services FZ-Pakistan","CMT-PK-0226-015","OGDCL-SCM-SERVICES-CB-CEM-265732025-4600000803-2025","THAL WEST-1A","","","","2026-10-07","2025","","","Q4","Equipment Mob+ Monthly Crew Charges","Contractor Services","Cementation/Stim","","","","1365.732","Under Process"
"75","Sprint Oil & Gas Services FZ-Pakistan","CMT-PK-0226-024","OGDCL-SCM-SERVICES-CB-CEM-265732025-4600000803-2025","CHANDIO-1","","","","2026-10-07","2025","","","Q4","Equipment Mob+ Monthly Crew Charges","Contractor Services","Cementation/Stim","","","","130.626","Under Process"
"76","Sprint Oil & Gas Services FZ-Pakistan","CMT-PK-0226-025","OGDCL-SCM-SERVICES-CB-CEM-265732025-4600000803-2025","THAL WEST-1A","","","","2026-10-07","2025","","","Q3","Slurry & Spacer Charges Cement Plug","Contractor Services","Cementation/Stim","","","","5201.912","Under Process"
"77","Sprint Oil & Gas Services FZ-Pakistan","CMT-PK-0296-019","OGDCL-SCM-SERVICES-CB-CEM-265732025-4600000803-2025","Chakkar Deep-1","","","","2026-10-07","2026","","","Q3","Charges of Crew per day ","Contractor Services","Cementation/Stim","","","","396.75","Cleared"
"78","Sprint Oil & Gas Services FZ-Pakistan","CMT-PK-0296-019","OGDCL-SCM-SERVICES-CB-CEM-265732025-4600000803-2025","Chakkar Deep-1","","","","2026-10-07","2026","","","Q3","Charges of Crew per day ","Contractor Services","Cementation/Stim","","","","396.75","Cleared"
"79","Sprint Oil & Gas Services FZ-Pakistan","CMT-PK-0315-003","PROC-FD/CB/WS-299-767298 /2013","NASHPA-5","","","","2026-10-07","2015","","","Q4","","Contractor Services","Cementation/Stim","","","","18342.5","Under Process"
"80","Sprint Oil & Gas Services FZ-Pakistan","CMT-PK-0315-004","PROC-FD/CB/WS-299-767298 /2013","NASHPA-6","","","","2026-10-07","2015","","","Q4","","Contractor Services","Cementation/Stim","","","","8581.8","Under Process"
"81","Sprint Oil & Gas Services FZ-Pakistan","CMT-PK-0325-008","OGDCL-SCM-SERVICES-CB-CEM-265732025-4600000803-2025","DHAMACH-1","","","","2026-10-07","2025","","","Q3","Slurry & Spacer Charges Squeeze Cement Plug-3","Contractor Services","Cementation/Stim","","","","3048.412","Under Process"
"82","Sprint Oil & Gas Services FZ-Pakistan","CMT-PK-0325-009","OGDCL-SCM-SERVICES-CB-CEM-265732025-4600000803-2025","DHAMACH-1","","","","2026-10-07","2025","","","Q1","Slurry & Spacer Charges Squeeze Cement Plug-4","Contractor Services","Cementation/Stim","","","","3447.783","Under Process"
"83","Sprint Oil & Gas Services FZ-Pakistan","CMT-PK-0325-010","OGDCL-SCM-SERVICES-CB-CEM-265732025-4600000803-2025","FAAKIR-1","","","","2026-10-07","2025","","","Q2","Slurry & Spacer Charges Loss Circulation Plug-4","Contractor Services","Cementation/Stim","","","","4779","Under Process"
"84","Sprint Oil & Gas Services FZ-Pakistan","CMT-PK-0325-011","OGDCL-SCM-SERVICES-CB-CEM-265732025-4600000803-2025","FAAKIR-1","","","","2026-10-07","2025","","","Q2","Slurry & Spacer Charges Loss Circulation Plug-8","Contractor Services","Cementation/Stim","","","","4779","Under Process"
"85","Sprint Oil & Gas Services FZ-Pakistan","CMT-PK-0325-012","OGDCL-SCM-SERVICES-CB-CEM-265732025-4600000803-2025","FAAKIR-1","","","","2026-10-07","2025","","","Q1","Slurry & Spacer Charges Loss Circulation Plug-9","Contractor Services","Cementation/Stim","","","","4779","Under Process"
"86","Sprint Oil & Gas Services FZ-Pakistan","CMT-PK-0325-013","OGDCL-SCM-SERVICES-CB-CEM-265732025-4600000803-2025","KUNNAR-2","","","","2026-10-07","2025","","","Q1","Slurry & Spacer Charges Squeeze Cement Plug","Contractor Services","Cementation/Stim","","","","3062.69","Under Process"
"87","Sprint Oil & Gas Services FZ-Pakistan","CMT-PK-0325-014","OGDCL-SCM-SERVICES-CB-CEM-265732025-4600000803-2025","CHAK 2-2(S/T)","","","","2026-10-07","2025","","","Q2","Slurry & Spacer Charges 7"" Csg Job","Contractor Services","Cementation/Stim","","","","35954.6","Under Process"
"88","Sprint Oil & Gas Services FZ-Pakistan","CMT-PK-0326-001","OGDCL-SCM-SERVICES-CB-CEM-265732025-4600000803-2025","PASAKHI-13","","","","2026-10-07","2025","","","Q2","Slurry,Additives, HCS Agent,Microblock & Spacer Charges 9-5-8 Csg Job [RO# 1000084732] [SES# 1000084734]","Contractor Services","Cementation/Stim","","","","75308.898","Under Process"
"89","Sprint Oil & Gas Services FZ-Pakistan","CMT-PK-0326-002","OGDCL-SCM-SERVICES-CB-CEM-265732025-4600000803-2025","JHAKRO NORTH-1","","","","2026-10-07","2025","","","Q1","Slurry & Spacer Charges Intermediate Cement Plug [RO# 1000080476]","Contractor Services","Cementation/Stim","","","","5363.6782","Under Process"
"90","Sprint Oil & Gas Services FZ-Pakistan","CMT-PK-0326-003","OGDCL-SCM-SERVICES-CB-CEM-265732025-4600000803-2025","PASAKHI-13","","","","2026-10-07","2025","","","Q3","Additives & Spacer Charges for 13-3/8"" Csg Job [RO# 1000080538]","Contractor Services","Cementation/Stim","","","","13515.956","Under Process"
"91","Sprint Oil & Gas Services FZ-Pakistan","CMT-PK-0326-004","OGDCL-SCM-SERVICES-CB-CEM-265732025-4600000803-2025","KUNNAR WIW-1","","","","2026-10-07","2026","","","Q1","Slurry,Microblock & Spacer T Charges 7"" Liner Job [RO# 1000083351/1000083359]","Contractor Services","Cementation/Stim","","","","8327.1302","Under Process"
"92","Sprint Oil & Gas Services FZ-Pakistan","CMT-PK-0326-005","OGDCL-SCM-SERVICES-CB-CEM-265732025-4600000803-2025","DARS WEST-3","","","","2026-10-07","2026","","","Q4","Cemmax Slurry+Microblock+Spacer Charges Squeeze Plug [RO# 1000083376/1000083379]","Contractor Services","Cementation/Stim","","","","18102.616","Under Process"
"93","Sprint Oil & Gas Services FZ-Pakistan","CMT-PK-0326-006","OGDCL-SCM-SERVICES-CB-CEM-265732025-4600000803-2025","SAHITO-1","","","","2026-10-07","2026","","","Q4","Lead Tail Slurry+Spacer Charges for 13-3/8"" Csg [RO# 1000080488]","Contractor Services","Cementation/Stim","","","","34155.1","Under Process"
"94","Sprint Oil & Gas Services FZ-Pakistan","CMT-PK-0326-007","OGDCL-SCM-SERVICES-CB-CEM-265732025-4600000803-2025","DARS WEST-3","","","","2026-10-07","2026","","","Q1","Slurry Charges for 13-3/8"" Csg +Top Job [RO# 1000080478]","Contractor Services","Cementation/Stim","","","","20768","Under Process"
"95","Sprint Oil & Gas Services FZ-Pakistan","CMT-PK-0326-008","OGDCL-SCM-SERVICES-CB-CEM-265732025-4600000803-2025","SAHITO-1","","","","2026-10-07","2026","","","Q4","Cemmax Slurry+Spacer Charges 7"" Liner [RO# 1000083386/1000083387]","Contractor Services","Cementation/Stim","","","","63125.9644","Under Process"
"96","Sprint Oil & Gas Services FZ-Pakistan","CMT-PK-0326-009","OGDCL-SCM-SERVICES-CB-CEM-265732025-4600000803-2025","DARS WEST-3","","","","2026-10-07","2026","","","Q4","Cemmax Slurry+Spacer Charges 7"" Liner [RO# 1000083406/1000083408]","Contractor Services","Cementation/Stim","","","","40813.2146","Under Process"
"97","Sprint Oil & Gas Services FZ-Pakistan","CMT-PK-0326-010","OGDCL-SCM-SERVICES-CB-CEM-265732025-4600000803-2025","THAL WEST-1A","","","","2026-10-07","2026","","","Q2","Slurry,Additives & Spacer T Charges 7"" Liner Job [RO# 1000083412/1000083416]","Contractor Services","Cementation/Stim","","","","58514.076","Under Process"
"98","Sprint Oil & Gas Services FZ-Pakistan","CMT-PK-0326-011","OGDCL-SCM-SERVICES-CB-CEM-265732025-4600000803-2025","SAHITO-1","","","","2026-10-07","2025","","","Q4","Slurry Charges for 20"" Csg Job [RO# 1000080487]","Contractor Services","Cementation/Stim","","","","19918.4","Under Process"
"99","Sprint Oil & Gas Services FZ-Pakistan","CMT-PK-0326-012","OGDCL-SCM-SERVICES-CB-CEM-265732025-4600000803-2025","KHATIAN-1","","","","2026-10-07","2025","","","Q1","Equipment Demob+ Monthly Crew Charges [RO# 1000081202]","Contractor Services","Cementation/Stim","","","","120.36","Under Process"
"100","Sprint Oil & Gas Services FZ-Pakistan","CMT-PK-0326-013","OGDCL-SCM-SERVICES-CB-CEM-265732025-4600000803-2025","GAJA WAH-1","","","","2026-10-07","2025","","","Q2","Equipment Demob+ Monthly Crew Charges [RO# 1000081201]","Contractor Services","Cementation/Stim","","","","152.22","Under Process"
"101","Sprint Oil & Gas Services FZ-Pakistan","CMT-PK-0326-014","OGDCL-SCM-SERVICES-CB-CEM-265732025-4600000803-2025","JHAKRO NORTH-1","","","","2026-10-07","2025","","","Q4","Equipment Demob+ Monthly Crew Charges [RO# 1000081130]","Contractor Services","Cementation/Stim","","","","2804.506","Under Process"
"102","Sprint Oil & Gas Services FZ-Pakistan","CMT-PK-0326-015","OGDCL-SCM-SERVICES-CB-CEM-265732025-4600000803-2025","THAL WEST-1A","","","","2026-10-07","2026","","","Q4","Monthly Crew Charges [RO# 1000081132]","Contractor Services","Cementation/Stim","","","","118","Under Process"
"103","Sprint Oil & Gas Services FZ-Pakistan","CMT-PK-0326-016","OGDCL-SCM-SERVICES-CB-CEM-265732025-4600000803-2025","PASAKHI-13","","","","2026-10-07","2025","","","Q1","Equipment Mob/Demob+ Monthly Crew Charges [RO# 1000081149]","Contractor Services","Cementation/Stim","","","","7813.96","Under Process"
"104","Sprint Oil & Gas Services FZ-Pakistan","CMT-PK-0326-017","OGDCL-SCM-SERVICES-CB-CEM-265732025-4600000803-2025","DARS DEEP-1A","","","","2026-10-07","2025","","","Q3","Batch Mixer Demob [RO# 1000081158]","Contractor Services","Cementation/Stim","","","","5097.6","Under Process"
"105","Sprint Oil & Gas Services FZ-Pakistan","CMT-PK-0326-018","OGDCL-SCM-SERVICES-CB-CEM-265732025-4600000803-2025","SAHITO-1","","","","2026-10-07","2025","","","Q4","Equipment+Silo Mob/Demob+ Monthly Crew Charges [RO# 1000081143]","Contractor Services","Cementation/Stim","","","","5583.288","Under Process"
"106","Sprint Oil & Gas Services FZ-Pakistan","CMT-PK-0326-019","OGDCL-SCM-SERVICES-CB-CEM-265732025-4600000803-2025","JHAKRO NORTH-1","","","","2026-10-07","2025","","","Q3","Slurry & Spacer Charges Bottom PNA Job [RO# 1000081183]","Contractor Services","Cementation/Stim","","","","6031.9948","Under Process"
"107","Sprint Oil & Gas Services FZ-Pakistan","CMT-PK-0326-020","OGDCL-SCM-SERVICES-CB-CEM-265732025-4600000803-2025","KATIAR-1","","","","2026-10-07","2025","","","Q1","Slurry & Spacer Charges Squeeze Plug [RO# 1000081172]","Contractor Services","Cementation/Stim","","","","5080.608","Under Process"
"108","Sprint Oil & Gas Services FZ-Pakistan","CMT-PK-0326-021","OGDCL-SCM-SERVICES-CB-CEM-265732025-4600000803-2025","SAHITO-1","","","","2026-10-07","2026","","","Q4","Slurry & Spacer Charges 9-5/8"" Csg Job [RO# 1000081195]","Contractor Services","Cementation/Stim","","","","79737.556","Under Process"
"109","Sprint Oil & Gas Services FZ-Pakistan","CMT-PK-0413-001","PROC-FD/CB/WS-299-767298 /2013","BAHU -08","","","","2026-10-07","2013","","","Q2","","Contractor Services","Cementation/Stim","","","","22428","Under Process"
"110","Sprint Oil & Gas Services FZ-Pakistan","CMT-PK-0413-002","PROC-FD/CB/WS-299-767298 /2013","CNG SOUTH-2","","","","2026-10-07","2013","","","Q2","","Contractor Services","Cementation/Stim","","","","17051","Under Process"
"111","Sprint Oil & Gas Services FZ-Pakistan","CMT-PK-0413-003","PROC-FD/CB/WS-299-767298 /2013","NASHPA-04","","","","2026-10-07","2013","","","Q3","","Contractor Services","Cementation/Stim","","","","65020.25","Under Process"
"112","Sprint Oil & Gas Services FZ-Pakistan","CMT-PK-0413-004","PROC-FD/CB/WS-299-767298 /2013","RAJIAN-07","","","","2026-10-07","2013","","","Q4","","Contractor Services","Cementation/Stim","","","","87080","Under Process"
"113","Sprint Oil & Gas Services FZ-Pakistan","CMT-PK-0413-005","PROC-FD/CB/WS-299-767298 /2013","NASHPA-04","","","","2026-10-07","2013","","","Q3","","Contractor Services","Cementation/Stim","","","","11015","Under Process"
"114","Sprint Oil & Gas Services FZ-Pakistan","CMT-PK-0414-001","PROC-FD/CB/WS-299-767298 /2013","MELA-4","","","","2026-10-07","2014","","","Q4","","Contractor Services","Cementation/Stim","","","","15950","Under Process"
"115","Sprint Oil & Gas Services FZ-Pakistan","CMT-PK-0414-008","PROC-FD/CB/WS-299-767298 /2013","SOGHRI-1","","","","2026-10-07","2014","","","Q4","","Contractor Services","Cementation/Stim","","","","145116","Under Process"
"116","Sprint Oil & Gas Services FZ-Pakistan","CMT-PK-0414-012","PROC-FD/CB/WS-299-767298 /2013","SOGHRI-1","","","","2026-10-07","2014","","","Q4","","Contractor Services","Cementation/Stim","","","","23687.2","Under Process"
"117","Sprint Oil & Gas Services FZ-Pakistan","CMT-PK-0414-013","PROC-FD/CB/WS-299-767298 /2013","MELA-4","","","","2026-10-07","2014","","","Q4","","Contractor Services","Cementation/Stim","","","","14950","Under Process"
"118","Sprint Oil & Gas Services FZ-Pakistan","CMT-PK-0414-014","PROC-FD/CB/WS-299-767298 /2013","JAND-1","","","","2026-10-07","2014","","","Q1","","Contractor Services","Cementation/Stim","","","","119828","Under Process"
"119","Sprint Oil & Gas Services FZ-Pakistan","CMT-PK-0414-015","PROC-FD/CB/WS-299-767298 /2013","RAJIAN-8","","","","2026-10-07","2014","","","Q4","","Contractor Services","Cementation/Stim","","","","11426","Under Process"
"120","Sprint Oil & Gas Services FZ-Pakistan","CMT-PK-0414-016","PROC-FD/CB/WS-299-767298 /2013","SOGHRI-1","","","","2026-10-07","2014","","","Q3","","Contractor Services","Cementation/Stim","","","","8816","Under Process"
"121","Sprint Oil & Gas Services FZ-Pakistan","CMT-PK-0415-005","PROC-FD/CB/WS-299-767298 /2013","NASHPA-6","","","","2026-10-07","2015","","","Q3","","Contractor Services","Cementation/Stim","","","","26030.25","Under Process"
"122","Sprint Oil & Gas Services FZ-Pakistan","CMT-PK-0415-006","PROC-FD/CB/WS-299-767298 /2013","NASHPA-6","","","","2026-10-07","2015","","","Q3","","Contractor Services","Cementation/Stim","","","","24265","Under Process"
"123","Sprint Oil & Gas Services FZ-Pakistan","CMT-PK-0425-001","OGDCL-SCM-SERVICES-CB-CEM-265732025-4600000803-2025","KUNNAR-8","","","","2026-10-07","2025","","","Q3","Slurry & Spacer Charges Squeeze Cement Plug-1","Contractor Services","Cementation/Stim","","","","3062.69","Under Process"
"124","Sprint Oil & Gas Services FZ-Pakistan","CMT-PK-0425-002","OGDCL-SCM-SERVICES-CB-CEM-265732025-4600000803-2025","KUNNAR-8","","","","2026-10-07","2025","","","Q4","Slurry & Spacer Charges Squeeze Cement Plug-2","Contractor Services","Cementation/Stim","","","","3062.69","Under Process"
"125","Sprint Oil & Gas Services FZ-Pakistan","CMT-PK-0425-003","OGDCL-SCM-SERVICES-CB-CEM-265732025-4600000803-2025","DHAMACH-1","","","","2026-10-07","2025","","","Q4","Slurry & Spacer Charges Squeeze Cement Plug","Contractor Services","Cementation/Stim","","","","4282.4796","Under Process"
"126","Sprint Oil & Gas Services FZ-Pakistan","CMT-PK-0425-004","OGDCL-SCM-SERVICES-CB-CEM-265732025-4600000803-2025","DHAMACH-1","","","","2026-10-07","2025","","","Q4","Slurry & Spacer Charges Cement Plug","Contractor Services","Cementation/Stim","","","","3447.783","Under Process"
"127","Sprint Oil & Gas Services FZ-Pakistan","CMT-PK-0425-005","OGDCL-SCM-SERVICES-CB-CEM-265732025-4600000803-2025","DHAMACH-1","","","","2026-10-07","2025","","","Q4","Monthly Crew + Technical Engr Charges","Contractor Services","Cementation/Stim","","","","4053.75","Under Process"
"128","Sprint Oil & Gas Services FZ-Pakistan","CMT-PK-0425-006","OGDCL-SCM-SERVICES-CB-CEM-265732025-4600000803-2025","CHAK 2-2(S/T)","","","","2026-10-07","2025","","","Q4","Monthly Equipment Rental+ Crew Charges","Contractor Services","Cementation/Stim","","","","59","Under Process"
"129","Sprint Oil & Gas Services FZ-Pakistan","CMT-PK-0425-007","OGDCL-SCM-SERVICES-CB-CEM-265732025-4600000803-2025","FAAKIR-1","","","","2026-10-07","2025","","","Q3","Monthly Equipment Rental+ Crew Charges","Contractor Services","Cementation/Stim","","","","1829","Under Process"
"130","Sprint Oil & Gas Services FZ-Pakistan","CMT-PK-0425-010","OGDCL-SCM-SERVICES-CB-CEM-265732025-4600000803-2025","DHAMACH-1","","","","2026-10-07","2025","","","Q1","Monthly Crew + Technical Engr Charges","Contractor Services","Cementation/Stim","","","","8107.5","Under Process"
"131","Sprint Oil & Gas Services FZ-Pakistan","CMT-PK-0425-011","OGDCL-SCM-SERVICES-CB-CEM-265732025-4600000803-2025","CHAK 2-2(S/T)","","","","2026-10-07","2025","","","Q1","Monthly Crew Charges","Contractor Services","Cementation/Stim","","","","118","Under Process"
"132","Sprint Oil & Gas Services FZ-Pakistan","CMT-PK-0425-012","OGDCL-SCM-SERVICES-CB-CEM-265732025-4600000803-2025","FAAKIR-1","","","","2026-10-07","2025","","","Q4","Monthly Equipment Rental+ Crew Charges","Contractor Services","Cementation/Stim","","","","3422","Under Process"
"133","Sprint Oil & Gas Services FZ-Pakistan","CMT-PK-0425-017","OGDCL-SCM-SERVICES-CB-CEM-265732025-4600000803-2025","KUNNAR-3","","","","2026-10-07","2025","","","Q4","Slurry & Spacer Charges Squeeze Cement Plug","Contractor Services","Cementation/Stim","","","","3062.69","Under Process"
"134","Sprint Oil & Gas Services FZ-Pakistan","CMT-PK-0425-018","OGDCL-SCM-SERVICES-CB-CEM-265732025-4600000803-2025","FAAKIR-1","","","","2026-10-07","2025","","","Q4","Slurry & Spacer Charges 9-5/8"" Csg Job","Contractor Services","Cementation/Stim","","","","74262.67","Under Process"
"135","Sprint Oil & Gas Services FZ-Pakistan","CMT-PK-0425-019","OGDCL-SCM-SERVICES-CB-CEM-265732025-4600000803-2025","FAAKIR-1","","","","2026-10-07","2025","","","Q4","Monthly Equipment Rental+ Crew Charges","Contractor Services","Cementation/Stim","","","","3776","Under Process"
"136","Sprint Oil & Gas Services FZ-Pakistan","CMT-PK-0425-020","OGDCL-SCM-SERVICES-CB-CEM-265732025-4600000803-2025","DHAMACH-1","","","","2026-10-07","2025","","","Q1","Monthly Crew + Technical Engr Charges","Contractor Services","Cementation/Stim","","","","8107.5","Under Process"
"137","Sprint Oil & Gas Services FZ-Pakistan","CMT-PK-0426-001","OGDCL-SCM-SERVICES-CB-CEM-265732025-4600000803-2025","PASAKHI NE-2","","","","2026-10-07","2026","","","Q2","Equipment Mob+ Monthly Crew Charges [RO# 1000082745]","Contractor Services","Cementation/Stim","","","","254.526","Under Process"
"138","Sprint Oil & Gas Services FZ-Pakistan","CMT-PK-0426-002","OGDCL-SCM-SERVICES-CB-CEM-265732025-4600000803-2025","THAL WEST-1A","","","","2026-10-07","2026","","","Q4","Slurry & Spacer Charges Cement Plug [RO# 1000082748]","Contractor Services","Cementation/Stim","","","","3871.108","Under Process"
"139","Sprint Oil & Gas Services FZ-Pakistan","CMT-PK-0426-003","OGDCL-SCM-SERVICES-CB-CEM-265732025-4600000803-2025","DARS WEST-3","","","","2026-10-07","2026","","","Q4","Monthly Crew Charges [RO# 1000081238]","Contractor Services","Cementation/Stim","","","","118","Under Process"
"140","Sprint Oil & Gas Services FZ-Pakistan","CMT-PK-0526-005","OGDCL-SCM-SERVICES-CB-CEM-265732025-4600000803-2025","SONO-10","","","","2026-10-07","2026","","","Q1","Equipment Mob+ Monthly Crew Charges+Solution Tank mob+per day [RO# 1000085130]","Contractor Services","Cementation/Stim","","","","7771.48","Under Process"
"141","Sprint Oil & Gas Services FZ-Pakistan","CMT-PK-0426-006","OGDCL-SCM-SERVICES-CB-CEM-265732025-4600000803-2025","DARS WEST-3","","","","2026-10-07","2026","","","Q1","Slurry & Spacer Charges 9-5/8"" Csg Job [RO# 1000081224]","Contractor Services","Cementation/Stim","","","","40651","Under Process"
"142","Sprint Oil & Gas Services FZ-Pakistan","CMT-PK-0426-007","OGDCL-SCM-SERVICES-CB-CEM-265732025-4600000803-2025","SAHITO-1","","","","2026-10-07","2026","","","Q4","Equipment Mob/Demob+ Monthly Crew Charges [RO# 1000084051]","Contractor Services","Cementation/Stim","","","","11092","Under Process"
"143","Sprint Oil & Gas Services FZ-Pakistan","CMT-PK-0426-008","OGDCL-SCM-SERVICES-CB-CEM-265732025-4600000803-2025","DARS WEST-3","","","","2026-10-07","2026","","","Q4","Equipment Demob+ Monthly Crew Charges [RO# 1000084700]","Contractor Services","Cementation/Stim","","","","266.68","Under Process"
"144","Sprint Oil & Gas Services FZ-Pakistan","CMT-PK-0526-006","OGDCL-SCM-SERVICES-CB-CEM-265732025-4600000803-2025","SONO-10","","","","2026-10-07","2026","","","Q4","Slurry Charges for 20"" Csg Job [RO# 1000086092]","Contractor Services","Cementation/Stim","","","","30680","Under Process"
"145","Sprint Oil & Gas Services FZ-Pakistan","CMT-PK-0426-011","OGDCL-SCM-SERVICES-CB-CEM-265732025-4600000803-2025","SAHITO-1","","","","2026-10-07","2026","","","Q2","Monthly Crew Charges [RO# 1000084025]","Contractor Services","Cementation/Stim","","","","118","Under Process"
"146","Sprint Oil & Gas Services FZ-Pakistan","CMT-PK-0426-012","OGDCL-SCM-SERVICES-CB-CEM-265732025-4600000803-2025","THAL WEST-1A","","","","2026-10-07","2026","","","Q4","Monthly Crew Charges [RO# 1000083425]","Contractor Services","Cementation/Stim","","","","118","Under Process"
"147","Sprint Oil & Gas Services FZ-Pakistan","CMT-PK-0426-013","OGDCL-SCM-SERVICES-CB-CEM-265732025-4600000803-2025","KATIAR-1","","","","2026-10-07","2026","","","Q1","Equipment Demob+ Monthly Crew Charges [RO# 1000081225]","Contractor Services","Cementation/Stim","","","","3160.04","Under Process"
"148","Sprint Oil & Gas Services FZ-Pakistan","CMT-PK-0426-014","OGDCL-SCM-SERVICES-CB-CEM-265732025-4600000803-2025","PASAKHI NE-2","","","","2026-10-07","2026","","","Q3","Slurry & Spacer Charges Squeeze Cement Plug [RO# 1000083430]","Contractor Services","Cementation/Stim","","","","3510.205","Under Process"
"149","Sprint Oil & Gas Services FZ-Pakistan","CMT-PK-0426-015","OGDCL-SCM-SERVICES-CB-CEM-265732025-4600000803-2025","SAHITO-1","","","","2026-10-07","2026","","","Q3","Slurry & Spacer Charges Retainer Plug [RO# 1000084049]","Contractor Services","Cementation/Stim","","","","4536.51","Under Process"
"150","Sprint Oil & Gas Services FZ-Pakistan","CMT-PK-0513-001","PROC-FD/CB/WS-299-767298 /2013","CNG SOUTH-2","","","","2026-10-07","2013","","","Q1","","Contractor Services","Cementation/Stim","","","","41800","Under Process"
"151","Sprint Oil & Gas Services FZ-Pakistan","CMT-PK-0513-002","PROC-FD/CB/WS-299-767298 /2013","KURRAM-01","","","","2026-10-07","2013","","","Q4","","Contractor Services","Cementation/Stim","","","","118850","Under Process"
"152","Sprint Oil & Gas Services FZ-Pakistan","CMT-PK-0513-003","PROC-FD/CB/WS-299-767298 /2013","RAJIAN-07","","","","2026-10-07","2013","","","Q2","","Contractor Services","Cementation/Stim","","","","11300","Under Process"
"153","Sprint Oil & Gas Services FZ-Pakistan","CMT-PK-0513-004","PROC-FD/CB/WS-299-767298 /2013","RAJIAN-07","","","","2026-10-07","2013","","","Q3","","Contractor Services","Cementation/Stim","","","","7050","Under Process"
"154","Sprint Oil & Gas Services FZ-Pakistan","CMT-PK-0513-005","PROC-FD/CB/WS-299-767298 /2013","NASHPA-04","","","","2026-10-07","2013","","","Q1","","Contractor Services","Cementation/Stim","","","","12300","Under Process"
"155","Sprint Oil & Gas Services FZ-Pakistan","CMT-PK-0513-006","PROC-FD/CB/WS-299-767298 /2013","RAJIAN-07","","","","2026-10-07","2013","","","Q1","","Contractor Services","Cementation/Stim","","","","67968.75","Under Process"
"156","Sprint Oil & Gas Services FZ-Pakistan","CMT-PK-0513-007","PROC-FD/CB/WS-299-767298 /2013","NASHPA-04","","","","2026-10-07","2013","","","Q1","","Contractor Services","Cementation/Stim","","","","27115","Under Process"
"157","Sprint Oil & Gas Services FZ-Pakistan","CMT-PK-0514-001","PROC-FD/CB/WS-299-767298 /2013","MELA-4","","","","2026-10-07","2014","","","Q2","","Contractor Services","Cementation/Stim","","","","99239","Under Process"
"158","Sprint Oil & Gas Services FZ-Pakistan","CMT-PK-0525-001","OGDCL-SCM-SERVICES-CB-CEM-265732025-4600000803-2025","DHAMACH-1","","","","2026-10-07","2025","","","Q4","Slurry & Spacer Charges Cement Plug","Contractor Services","Cementation/Stim","","","","2347","Under Process"
"159","Sprint Oil & Gas Services FZ-Pakistan","CMT-PK-0525-002","OGDCL-SCM-SERVICES-CB-CEM-265732025-4600000803-2025","CHAK 2-2(S/T)","","","","2026-10-07","2025","","","Q2","Equipment Demob+ Monthly Crew Charges","Contractor Services","Cementation/Stim","","","","2183","Under Process"
"160","Sprint Oil & Gas Services FZ-Pakistan","CMT-PK-0525-003","OGDCL-SCM-SERVICES-CB-CEM-265732025-4600000803-2025","KUNNAR-3","","","","2026-10-07","2025","","","Q2","Slurry & Spacer Charges Squeeze Cement Plug","Contractor Services","Cementation/Stim","","","","2595.5","Under Process"
"161","Sprint Oil & Gas Services FZ-Pakistan","CMT-PK-0525-004","OGDCL-SCM-SERVICES-CB-CEM-265732025-4600000803-2025","FAAKIR-1","","","","2026-10-07","2025","","","Q4","Slurry & Spacer Charges Cement Plug","Contractor Services","Cementation/Stim","","","","6079.6","Under Process"
"162","Sprint Oil & Gas Services FZ-Pakistan","CMT-PK-0526-010","OGDCL-SCM-SERVICES-CB-CEM-265732025-4600000803-2025","SONO-10","","","","2026-10-07","2026","","","Q1","Slurry & Spacer Charges 9-5/8"" Csg Job [RO# 1000086122]","Contractor Services","Cementation/Stim","","","","46267.8","Under Process"
"163","Sprint Oil & Gas Services FZ-Pakistan","CMT-PK-0526-003","OGDCL-SCM-SERVICES-CB-CEM-265732025-4600000803-2025","KUNNAR WIW-1","","","","2026-10-07","2026","","","Q4","Slurry & Spacer Charges 9-5/8"" Csg Job [RO# 1000085096]","Contractor Services","Cementation/Stim","","","","44817.1434","Under Process"
"164","Sprint Oil & Gas Services FZ-Pakistan","CMT-PK-0526-004","OGDCL-SCM-SERVICES-CB-CEM-265732025-4600000803-2025","SAIDPUR-1","","","","2026-10-07","2026","","","Q2","Slurry & Spacer Charges 9-5/8"" Csg Job [RO# 1000084879]","Contractor Services","Cementation/Stim","","","","15635","Under Process"
"165","Sprint Oil & Gas Services FZ-Pakistan","CMT-PK-0526-015","OGDCL-SCM-SERVICES-CB-CEM-265732025-4600000803-2025","SONO-10","","","","2026-10-07","2026","","","Q2","Monthly Crew Charges+Solution Tank Demob+per day [RO# 1000086140]","Contractor Services","Cementation/Stim","","","","5970.8","Under Process"
"166","Sprint Oil & Gas Services FZ-Pakistan","CMT-PK-0626-011","OGDCL-SCM-SERVICES-CB-CEM-265732025-4600000803-2025","SONO-10","","","","2026-10-07","2026","","","Q1","Slurry+Additives & Spacer Charges for 13-3/8"" Csg Job [RO# 1000088236]","Contractor Services","Cementation/Stim","","","","29196.0084","Under Process"
"167","Sprint Oil & Gas Services FZ-Pakistan","CMT-PK-0526-007","OGDCL-SCM-SERVICES-CB-CEM-265732025-4600000803-2025","PASAKHI NE-2","","","","2026-10-07","2026","","","Q3","Slurry Charges Remedial Cement Job [RO# 1000086098]","Contractor Services","Cementation/Stim","","","","5782","Under Process"
"168","Sprint Oil & Gas Services FZ-Pakistan","CMT-PK-0526-008","OGDCL-SCM-SERVICES-CB-CEM-265732025-4600000803-2025","PASAKHI NE-2","","","","2026-10-07","2026","","","Q4","Monthly Crew Charges [RO# 1000086106]","Contractor Services","Cementation/Stim","","","","118","Under Process"
"169","Sprint Oil & Gas Services FZ-Pakistan","CMT-PK-0526-009","OGDCL-SCM-SERVICES-CB-CEM-265732025-4600000803-2025","THAL WEST-1A","","","","2026-10-07","2026","","","Q4","Equipment Demob+ Monthly Crew Charges [RO# 1000086118]","Contractor Services","Cementation/Stim","","","","1308.62","Under Process"
"170","Sprint Oil & Gas Services FZ-Pakistan","CMT-PK-0826-004","OGDCL-SCM-SERVICES-CB-CEM-265732025-4600000803-2025","SONO-10","","","","2026-10-07","2026","","","Q2","","Contractor Services","Cementation/Stim","","","","132.25","Cleared"
"171","Sprint Oil & Gas Services FZ-Pakistan","CMT-PK-0526-011","OGDCL-SCM-SERVICES-CB-CEM-265732025-4600000803-2025","CHAK 63-5","","","","2026-10-07","2026","","","Q3","Slurry & Spacer Charges 20"" Csg Job [RO# 1000086127]","Contractor Services","Cementation/Stim","","","","54339","Under Process"
"172","Sprint Oil & Gas Services FZ-Pakistan","CMT-PK-0526-012","OGDCL-SCM-SERVICES-CB-CEM-265732025-4600000803-2025","SAIDPUR-1","","","","2026-10-07","2026","","","Q2","Monthly Crew+Solution Tank Charges/Demob [RO# 1000086135]","Contractor Services","Cementation/Stim","","","","6926.6","Under Process"
"173","Sprint Oil & Gas Services FZ-Pakistan","CMT-PK-0526-013","OGDCL-SCM-SERVICES-CB-CEM-265732025-4600000803-2025","WAHID BAKHSH-1","","","","2026-10-07","2026","","","Q3","Equipment Mob+ Monthly Crew Charges [RO# 1000086544]","Contractor Services","Cementation/Stim","","","","3496.694","Under Process"
"174","Sprint Oil & Gas Services FZ-Pakistan","CMT-PK-0526-014","OGDCL-SCM-SERVICES-CB-CEM-265732025-4600000803-2025","CHAK 63-5","","","","2026-10-07","2026","","","Q1","Equipment Mob+ Monthly Crew Charges+Solution Tank mob+per day [RO# 1000086139]","Contractor Services","Cementation/Stim","","","","7023.36","Under Process"
"175","Sprint Oil & Gas Services FZ-Pakistan","CMT-PK-0826-009","OGDCL-SCM-SERVICES-CB-CEM-265732025-4600000803-2025","SONO-10","","","","2026-10-07","2026","","","Q4","","Contractor Services","Cementation/Stim","","","","132.25","Cleared"
"176","Sprint Oil & Gas Services FZ-Pakistan","CMT-PK-0526-016","OGDCL-SCM-SERVICES-CB-CEM-265732025-4600000803-2025","SAHITO-1","","","","2026-10-07","2026","","","Q2","Equipment Demob+ Monthly Crew Charges [RO# 1000086142]","Contractor Services","Cementation/Stim","","","","869.188","Under Process"
"177","Sprint Oil & Gas Services FZ-Pakistan","CMT-PK-0613-001","PROC-FD/CB/WS-299-767298 /2013","RAJIAN-07","","","","2026-10-07","2013","","","Q4","","Contractor Services","Cementation/Stim","","","","4000","Under Process"
"178","Sprint Oil & Gas Services FZ-Pakistan","CMT-PK-0613-002","PROC-FD/CB/WS-299-767298 /2013","SOHNIWALA-01","","","","2026-10-07","2013","","","Q3","","Contractor Services","Cementation/Stim","","","","61450","Under Process"
"179","Sprint Oil & Gas Services FZ-Pakistan","CMT-PK-0613-003","PROC-FD/CB/WS-299-767298 /2013","KURRAM-01","","","","2026-10-07","2013","","","Q4","","Contractor Services","Cementation/Stim","","","","8750","Under Process"
"180","Sprint Oil & Gas Services FZ-Pakistan","CMT-PK-0613-005","PROC-FD/CB/WS-299-767298 /2013","SOHNIWALA-01","","","","2026-10-07","2013","","","Q3","","Contractor Services","Cementation/Stim","","","","1150","Under Process"
"181","Sprint Oil & Gas Services FZ-Pakistan","CMT-PK-0613-006","PROC-FD/CB/WS-299-767298 /2013","NASHPA-04","","","","2026-10-07","2013","","","Q3","","Contractor Services","Cementation/Stim","","","","15950","Under Process"
"182","Sprint Oil & Gas Services FZ-Pakistan","CMT-PK-0614-001","PROC-FD/CB/WS-299-767298 /2013","SOGHRI-1","","","","2026-10-07","2014","","","Q4","","Contractor Services","Cementation/Stim","","","","24244","Under Process"
"183","Sprint Oil & Gas Services FZ-Pakistan","CMT-PK-0614-002","PROC-FD/CB/WS-299-767298 /2013","RAJIAN-8","","","","2026-10-07","2014","","","Q3","","Contractor Services","Cementation/Stim","","","","59102","Under Process"
"184","Sprint Oil & Gas Services FZ-Pakistan","CMT-PK-0614-004","PROC-FD/CB/WS-299-767298 /2013","MELA-4","","","","2026-10-07","2014","","","Q3","","Contractor Services","Cementation/Stim","","","","15100","Under Process"
"185","Sprint Oil & Gas Services FZ-Pakistan","CMT-PK-0625-001","OGDCL-SCM-SERVICES-CB-CEM-265732025-4600000803-2025","FAAKIR-1","","","","2026-10-07","2025","","","Q2","Slurry & Spacer Charges Cement Plug","Contractor Services","Cementation/Stim","","","","3301.64","Under Process"
"186","Sprint Oil & Gas Services FZ-Pakistan","CMT-PK-0625-002","OGDCL-SCM-SERVICES-CB-CEM-265732025-4600000803-2025","DHAMACH-1","","","","2026-10-07","2025","","","Q3","Monthly Crew Charges","Contractor Services","Cementation/Stim","","","","118","Under Process"
"187","Sprint Oil & Gas Services FZ-Pakistan","CMT-PK-0625-003","OGDCL-SCM-SERVICES-CB-CEM-265732025-4600000803-2025","FAAKIR-1","","","","2026-10-07","2025","","","Q1","Equipment Demob+ Monthly Crew Charges+Tech Engr Charges","Contractor Services","Cementation/Stim","","","","13959.4","Under Process"
"188","Sprint Oil & Gas Services FZ-Pakistan","CMT-PK-0625-004","OGDCL-SCM-SERVICES-CB-CEM-265732025-4600000803-2025","LALA JAMALI-2","","","","2026-10-07","2025","","","Q2","Equipment mob+ Monthly Crew Charges","Contractor Services","Cementation/Stim","","","","2935.84","Under Process"
"189","Sprint Oil & Gas Services FZ-Pakistan","CMT-PK-0625-005","OGDCL-SCM-SERVICES-CB-CEM-265732025-4600000803-2025","DHAMACH-1","","","","2026-10-07","2025","","","Q1","Monthly Crew Charges","Contractor Services","Cementation/Stim","","","","118","Under Process"
"190","Sprint Oil & Gas Services FZ-Pakistan","CMT-PK-0625-006","OGDCL-SCM-SERVICES-CB-CEM-265732025-4600000803-2025","FAAKIR-1","","","","2026-10-07","2025","","","Q4","Monthly Crew + Technical Engr Charges","Contractor Services","Cementation/Stim","","","","8107.5","Under Process"
"191","Sprint Oil & Gas Services FZ-Pakistan","CMT-PK-0625-007","OGDCL-SCM-SERVICES-CB-CEM-265732025-4600000803-2025","ARADIN-01","","","","2026-10-07","2025","","","Q3","Equipment mob+ Monthly Crew Charges","Contractor Services","Cementation/Stim","","","","781.16","Under Process"
"192","Sprint Oil & Gas Services FZ-Pakistan","CMT-PK-0626-001","OGDCL-SCM-SERVICES-CB-CEM-265732025-4600000803-2025","PASAKHI NE-2","","","","2026-10-07","2026","","","Q4","Slurry,HCS Agent,Microblock & Spacer Charges Squeeze Plug Job [RO# 1000087841] [SES# 1000087864]","Contractor Services","Cementation/Stim","","","","34252.6388","Under Process"
"193","Sprint Oil & Gas Services FZ-Pakistan","CMT-PK-0626-002","OGDCL-SCM-SERVICES-CB-CEM-265732025-4600000803-2025","SAIDPUR-1","","","","2026-10-07","2026","","","Q2","Slurry Charges Top Cement Plug Job [RO# 1000086705]","Contractor Services","Cementation/Stim","","","","1180","Under Process"
"194","Sprint Oil & Gas Services FZ-Pakistan","CMT-PK-0626-003","OGDCL-SCM-SERVICES-CB-CEM-265732025-4600000803-2025","SAIDPUR-1","","","","2026-10-07","2026","","","Q4","Slurry Charges Intermediate Cement Plug Job [RO# 1000087100]","Contractor Services","Cementation/Stim","","","","2801.025","Under Process"
"195","Sprint Oil & Gas Services FZ-Pakistan","CMT-PK-0626-004","OGDCL-SCM-SERVICES-CB-CEM-265732025-4600000803-2025","SAIDPUR-1","","","","2026-10-07","2026","","","Q1","Slurry & Spacer Charges Bottom PNA Job [RO# 1000087778]","Contractor Services","Cementation/Stim","","","","5463.99","Under Process"
"196","Sprint Oil & Gas Services FZ-Pakistan","CMT-PK-0626-005","OGDCL-SCM-SERVICES-CB-CEM-265732025-4600000803-2025","SAIDPUR-1","","","","2026-10-07","2026","","","Q2","Monthly Crew+Solution Tank Charges/Mob [RO# 1000087798]","Contractor Services","Cementation/Stim","","","","5706.716","Under Process"
"197","Sprint Oil & Gas Services FZ-Pakistan","CMT-PK-0626-006","OGDCL-SCM-SERVICES-CB-CEM-265732025-4600000803-2025","SAHITO-1","","","","2026-10-07","2026","","","Q3","Monthly Crew Charges [RO# 1000087814]","Contractor Services","Cementation/Stim","","","","118","Under Process"
"198","Sprint Oil & Gas Services FZ-Pakistan","CMT-PK-0626-007","OGDCL-SCM-SERVICES-CB-CEM-265732025-4600000803-2025","WAHID BAKHSH-1","","","","2026-10-07","2026","","","Q1","Slurry Charges Top Cement Plug Job [RO# 1000088054]","Contractor Services","Cementation/Stim","","","","1180","Under Process"
"199","Sprint Oil & Gas Services FZ-Pakistan","CMT-PK-0626-008","OGDCL-SCM-SERVICES-CB-CEM-265732025-4600000803-2025","WAHID BAKHSH-1","","","","2026-10-07","2026","","","Q3","Slurry & Spacer Charges Bottom Plug Job [RO# 1000088063]","Contractor Services","Cementation/Stim","","","","4125.1738","Under Process"
"200","Sprint Oil & Gas Services FZ-Pakistan","CMT-PK-0626-009","OGDCL-SCM-SERVICES-CB-CEM-265732025-4600000803-2025","CHAK 63-5","","","","2026-10-07","2026","","","Q1","Slurry+Additives & Spacer Charges for 13-3/8"" Csg Job [RO# 1000088261]","Contractor Services","Cementation/Stim","","","","60219.53","Under Process"
"201","Sprint Oil & Gas Services FZ-Pakistan","CMT-PK-0626-010","OGDCL-SCM-SERVICES-CB-CEM-265732025-4600000803-2025","BOBI DEEP-1","2026-05-19","","","2026-10-07","2026","","","Q4","Slurry & Spacer Charges Plug Back Job [RO# 1000088081]","Contractor Services","Cementation/Stim","","","","4885.79","Under Process"
"202","Sprint Oil & Gas Services FZ-Pakistan","CMT-PK-0426-005","OGDCL-SCM-SERVICES-CB-CEM-265732025-4600000803-2025","SONO-8","","","","2026-10-07","2026","","","Q4","Slurry & Spacer Charges Squeeze Cement Plug [RO# 1000081233]","Contractor Services","Cementation/Stim","","","","3871.108","Under Process"
"203","Sprint Oil & Gas Services FZ-Pakistan","CMT-PK-0713-011","PROC-FD/CB/WS-299-767298 /2013","JAND-01","","","","2026-10-07","2013","","","Q2","","Contractor Services","Cementation/Stim","","","","104770","Under Process"
"204","Sprint Oil & Gas Services FZ-Pakistan","CMT-PK-0713-012","PROC-FD/CB/WS-299-767298 /2013","KURRAM-01","","","","2026-10-07","2013","","","Q4","","Contractor Services","Cementation/Stim","","","","65800","Under Process"
"205","Sprint Oil & Gas Services FZ-Pakistan","CMT-PK-0713-021","PROC-FD/CB/WS-299-767298 /2013","NASHPA-04","","","","2026-10-07","2013","","","Q4","","Contractor Services","Cementation/Stim","","","","15950","Under Process"
"206","Sprint Oil & Gas Services FZ-Pakistan","CMT-PK-0714-003","PROC-FD/CB/WS-299-767298 /2013","JAND-1","","","","2026-10-07","2014","","","Q3","","Contractor Services","Cementation/Stim","","","","32944","Under Process"
"207","Sprint Oil & Gas Services FZ-Pakistan","CMT-PK-0714-008","PROC-FD/CB/WS-299-767298 /2013","MELA-4","","","","2026-10-07","2014","","","Q2","","Contractor Services","Cementation/Stim","","","","15950","Under Process"
"208","Sprint Oil & Gas Services FZ-Pakistan","CMT-PK-0725-001","OGDCL-SCM-SERVICES-CB-CEM-265732025-4600000803-2025","KUNNAR-3","","","","2026-10-07","2025","","","Q1","Slurry & Spacer Charges Squeeze Cement Plug","Contractor Services","Cementation/Stim","","","","2715.77","Under Process"
"209","Sprint Oil & Gas Services FZ-Pakistan","CMT-PK-0725-002","OGDCL-SCM-SERVICES-CB-CEM-265732025-4600000803-2025","KUNNAR-8","","","","2026-10-07","2025","","","Q1","Slurry & Spacer Charges Squeeze Cement Plug","Contractor Services","Cementation/Stim","","","","3062.1","Under Process"
"210","Sprint Oil & Gas Services FZ-Pakistan","CMT-PK-0725-009","OGDCL-SCM-SERVICES-CB-CEM-265732025-4600000803-2025","ARADIN-01","","","","2026-10-07","2025","","","Q1","Equipment Demob+ Monthly Crew Charges","Contractor Services","Cementation/Stim","","","","1799.5","Under Process"
"211","Sprint Oil & Gas Services FZ-Pakistan","CMT-PK-0725-010","OGDCL-SCM-SERVICES-CB-CEM-265732025-4600000803-2025","FAAKIR-1","","","","2026-10-07","2025","","","Q2","Equipment Demob+ Monthly Crew Charges","Contractor Services","Cementation/Stim","","","","142.544","Under Process"
"212","Sprint Oil & Gas Services FZ-Pakistan","CMT-PK-0725-011","OGDCL-SCM-SERVICES-CB-CEM-265732025-4600000803-2025","CHAKAR-1","","","","2026-10-07","2025","","","Q4","Solution Tank MOB+per day Charges","Contractor Services","Cementation/Stim","","","","6325","Under Process"
"213","Sprint Oil & Gas Services FZ-Pakistan","CMT-PK-0725-012","OGDCL-SCM-SERVICES-CB-CEM-265732025-4600000803-2025","KUNNAR-8","","","","2026-10-07","2025","","","Q1","Equipment mob+ Monthly Crew Charges","Contractor Services","Cementation/Stim","","","","11337.44","Under Process"
"214","Sprint Oil & Gas Services FZ-Pakistan","CMT-PK-0725-013","OGDCL-SCM-SERVICES-CB-CEM-265732025-4600000803-2025","QP-64","","","","2026-10-07","2025","","","Q4","Equipment mob+ Monthly Crew Charges","Contractor Services","Cementation/Stim","","","","710.36","Under Process"
"215","Sprint Oil & Gas Services FZ-Pakistan","CMT-PK-0725-014","OGDCL-SCM-SERVICES-CB-CEM-265732025-4600000803-2025","DARS DEEP-1","","","","2026-10-07","2025","","","Q2","Slurry Charges for Cement Plug","Contractor Services","Cementation/Stim","","","","3122.28","Under Process"
"216","Sprint Oil & Gas Services FZ-Pakistan","CMT-PK-0725-015","OGDCL-SCM-SERVICES-CB-CEM-265732025-4600000803-2025","KHATIAN-1","","","","2026-10-07","2025","","","Q1","Equipment mob+ Monthly Crew Charges","Contractor Services","Cementation/Stim","","","","236","Under Process"
"217","Sprint Oil & Gas Services FZ-Pakistan","CMT-PK-0725-016","OGDCL-SCM-SERVICES-CB-CEM-265732025-4600000803-2025","JHAKRO NORTH-1","","","","2026-10-07","2025","","","Q4","Equipment mob+ Monthly Crew Charges","Contractor Services","Cementation/Stim","","","","2428.44","Under Process"
"218","Sprint Oil & Gas Services FZ-Pakistan","CMT-PK-0725-021","OGDCL-SCM-SERVICES-CB-CEM-265732025-4600000803-2025","QP-64","","","","2026-10-07","2025","","","Q4","Slurry Charges for 13-3/8"" Csg Job","Contractor Services","Cementation/Stim","","","","17464","Under Process"
"219","Sprint Oil & Gas Services FZ-Pakistan","CMT-PK-0813-015","PROC-FD/CB/WS-299-767298 /2013","KURRAM-01","","","","2026-10-07","2013","","","Q1","","Contractor Services","Cementation/Stim","","","","9280","Under Process"
"220","Sprint Oil & Gas Services FZ-Pakistan","CMT-PK-0813-016","PROC-FD/CB/WS-299-767298 /2013","NASHPA-04","","","","2026-10-07","2013","","","Q2","","Contractor Services","Cementation/Stim","","","","17777","Under Process"
"221","Sprint Oil & Gas Services FZ-Pakistan","CMT-PK-0814-007","PROC-FD/CB/WS-299-767298 /2013","MELA-4","","","","2026-10-07","2014","","","Q2","","Contractor Services","Cementation/Stim","","","","6330","Under Process"
"222","Sprint Oil & Gas Services FZ-Pakistan","CMT-PK-0825-001","OGDCL-SCM-SERVICES-CB-CEM-265732025-4600000803-2025","CHAKAR-1","","","","2026-10-07","2025","","","Q4","Slurry & Spacer Charges Plug back Job","Contractor Services","Cementation/Stim","","","","5835.1","Under Process"
"223","Sprint Oil & Gas Services FZ-Pakistan","CMT-PK-0825-002","OGDCL-SCM-SERVICES-CB-CEM-265732025-4600000803-2025","PASAKHI-14","","","","2026-10-07","2025","","","Q1","Solution Tank MOB+per day Charges","Contractor Services","Cementation/Stim","","","","1348.95","Under Process"
"224","Sprint Oil & Gas Services FZ-Pakistan","CMT-PK-0825-003","OGDCL-SCM-SERVICES-CB-CEM-265732025-4600000803-2025","QP-64","","","","2026-10-07","2025","","","Q3","Monthly Crew Charges","Contractor Services","Cementation/Stim","","","","118","Under Process"
"225","Sprint Oil & Gas Services FZ-Pakistan","CMT-PK-0825-004","OGDCL-SCM-SERVICES-CB-CEM-265732025-4600000803-2025","KHATIAN-1","","","","2026-10-07","2025","","","Q3","Monthly Crew Charges","Contractor Services","Cementation/Stim","","","","118","Under Process"
"226","Sprint Oil & Gas Services FZ-Pakistan","CMT-PK-0426-009","OGDCL-SCM-SERVICES-CB-CEM-265732025-4600000803-2025","SONO-8","","","","2026-10-07","2026","","","Q1","Slurry & Spacer Charges Squeeze Cement Plug [RO# 1000081246]","Contractor Services","Cementation/Stim","","","","3871.108","Under Process"
"227","Sprint Oil & Gas Services FZ-Pakistan","CMT-PK-0826-006","OGDCL-SCM-SERVICES-CB-CEM-265732025-4600000803-2025","WAHID BAKHSH-1","","","","2026-10-07","2026","","","Q1","","Contractor Services","Cementation/Stim","","","","1009.37179","Cleared"
"228","Sprint Oil & Gas Services FZ-Pakistan","CMT-PK-0826-007","OGDCL-SCM-SERVICES-CB-CEM-265732025-4600000803-2025","CHAK 63-5","","","","2026-10-07","2026","","","Q3","Slurry+Additives & Spacer Charges for 9-5/8"" Csg Job [RO# 1000088743]","Contractor Services","Cementation/Stim","","","","63893.8022","Cleared"
"229","Sprint Oil & Gas Services FZ-Pakistan","CMT-PK-0826-005","OGDCL-SCM-SERVICES-CB-CEM-265732025-4600000803-2025","BOBI-11","2026-09-20","","","2026-10-07","2026","","","Q2"," Monthly Crew Charges+Solution Tank mob+per day","Contractor Services","Cementation/Stim","","","","6346.00475","Cleared"
"230","Sprint Oil & Gas Services FZ-Pakistan","CMT-PK-0526-002","OGDCL-SCM-SERVICES-CB-CEM-265732025-4600000803-2025","SONO-8","","","","2026-10-07","2026","","","Q3","Slurry & Spacer Charges Squeeze Cement Plug [RO# 1000084867]","Contractor Services","Cementation/Stim","","","","3871.108","Under Process"
"231","Sprint Oil & Gas Services FZ-Pakistan","CMT-PK-0913-002","PROC-FD/CB/WS-299-767298 /2013","SOGHRI-01","","","","2026-10-07","2013","","","Q3","","Contractor Services","Cementation/Stim","","","","146102","Under Process"
"232","Sprint Oil & Gas Services FZ-Pakistan","CMT-PK-0913-003","PROC-FD/CB/WS-299-767298 /2013","JAND-01","","","","2026-10-07","2013","","","Q3","","Contractor Services","Cementation/Stim","","","","138446","Under Process"
"233","Sprint Oil & Gas Services FZ-Pakistan","CMT-PK-0913-004","PROC-FD/CB/WS-299-767298 /2013","MELA-04","","","","2026-10-07","2013","","","Q3","","Contractor Services","Cementation/Stim","","","","15950","Under Process"
"234","Sprint Oil & Gas Services FZ-Pakistan","CMT-PK-0913-005","PROC-FD/CB/WS-299-767298 /2013","MELA-04","","","","2026-10-07","2013","","","Q4","","Contractor Services","Cementation/Stim","","","","118900","Under Process"
"235","Sprint Oil & Gas Services FZ-Pakistan","CMT-PK-0914-001","PROC-FD/CB/WS-299-767298 /2013","MELA-4","","","","2026-10-07","2014","","","Q2","","Contractor Services","Cementation/Stim","","","","18342.5","Under Process"
"236","Sprint Oil & Gas Services FZ-Pakistan","CMT-PK-0914-002","PROC-FD/CB/WS-299-767298 /2013","SOGHRI-1","","","","2026-10-07","2014","","","Q1","","Contractor Services","Cementation/Stim","","","","16006.84","Under Process"
"237","Sprint Oil & Gas Services FZ-Pakistan","CMT-PK-0914-008","PROC-FD/CB/WS-299-767298 /2013","JAND-1","","","","2026-10-07","2014","","","Q4","","Contractor Services","Cementation/Stim","","","","11774","Under Process"
"238","Sprint Oil & Gas Services FZ-Pakistan","CMT-PK-0914-017","PROC-FD/CB/WS-299-767298 /2013","MELA-4","","","","2026-10-07","2014","","","Q2","","Contractor Services","Cementation/Stim","","","","60720","Under Process"
"239","Sprint Oil & Gas Services FZ-Pakistan","CMT-PK-0914-018","PROC-FD/CB/WS-299-767298 /2013","MELA-4","","","","2026-10-07","2014","","","Q4","","Contractor Services","Cementation/Stim","","","","18342.5","Under Process"
"240","Sprint Oil & Gas Services FZ-Pakistan","CMT-PK-0925-001","OGDCL-SCM-SERVICES-CB-CEM-265732025-4600000803-2025","BITRISM EAST-1","","","","2026-10-07","2025","","","Q3","Monthly Crew + Technical Engr Charges","Contractor Services","Cementation/Stim","","","","8107.5","Under Process"
"241","Sprint Oil & Gas Services FZ-Pakistan","CMT-PK-0925-002","OGDCL-SCM-SERVICES-CB-CEM-265732025-4600000803-2025","CHAKAR-1","","","","2026-10-07","2025","","","Q4","Slurry Charges Repeat Squeeze Cement Plug","Contractor Services","Cementation/Stim","","","","2312.8","Under Process"
"242","Sprint Oil & Gas Services FZ-Pakistan","CMT-PK-0925-003","OGDCL-SCM-SERVICES-CB-CEM-265732025-4600000803-2025","CHAKAR-1","","","","2026-10-07","2025","","","Q3","Slurry Charges Squeeze Cement Plug","Contractor Services","Cementation/Stim","","","","2891","Under Process"
"243","Sprint Oil & Gas Services FZ-Pakistan","CMT-PK-0925-004","OGDCL-SCM-SERVICES-CB-CEM-265732025-4600000803-2025","JHAKRO NORTH-1","","","","2026-10-07","2025","","","Q1","Slurry & Spacer Charges KOP","Contractor Services","Cementation/Stim","","","","36373.5","Under Process"
"244","Sprint Oil & Gas Services FZ-Pakistan","CMT-PK-0925-005","OGDCL-SCM-SERVICES-CB-CEM-265732025-4600000803-2025","BITRISM EAST-1","","","","2026-10-07","2025","","","Q3","Slurry & Spacer Charges for 13-3/8"" Csg Job","Contractor Services","Cementation/Stim","","","","33417.128","Under Process"
"245","Sprint Oil & Gas Services FZ-Pakistan","CMT-PK-0925-006","OGDCL-SCM-SERVICES-CB-CEM-265732025-4600000803-2025","PASAKHI-14","","","","2026-10-07","2025","","","Q2","Slurry & Spacer Charges KOP","Contractor Services","Cementation/Stim","","","","16046.82","Under Process"
"246","Sprint Oil & Gas Services FZ-Pakistan","CMT-PK-0925-007","OGDCL-SCM-SERVICES-CB-CEM-265732025-4600000803-2025","CHAKAR-1","","","","2026-10-07","2025","","","Q4","Slurry & Dispersant Charges Cement Plug","Contractor Services","Cementation/Stim","","","","1929.3","Under Process"
"247","Sprint Oil & Gas Services FZ-Pakistan","CMT-PK-0925-008","OGDCL-SCM-SERVICES-CB-CEM-265732025-4600000803-2025","BITRISM EAST-1","","","","2026-10-07","2025","","","Q1","Equipment mob+ Monthly Crew Charges","Contractor Services","Cementation/Stim","","","","6605.404","Under Process"
"248","Sprint Oil & Gas Services FZ-Pakistan","CMT-PK-0925-015","OGDCL-SCM-SERVICES-CB-CEM-265732025-4600000803-2025","PASAKHI-14","","","","2026-10-07","2025","","","Q3","Slurry & Spacer Charges Squeeze Cement Plug","Contractor Services","Cementation/Stim","","","","3086.88","Under Process"
"249","Sprint Oil & Gas Services FZ-Pakistan","CMT-PK-0925-016","OGDCL-SCM-SERVICES-CB-CEM-265732025-4600000803-2025","JHAKRO NORTH-1","","","","2026-10-07","2025","","","Q1","Slurry & Spacer Charges for 9-5/8"" Csg Job","Contractor Services","Cementation/Stim","","","","53395","Under Process"
"250","Sprint Oil & Gas Services FZ-Pakistan","CMT-PK-0925-017","OGDCL-SCM-SERVICES-CB-CEM-265732025-4600000803-2025","JHAKRO NORTH-1","","","","2026-10-07","2025","","","Q2","Equipment Demob+ Monthly Crew Charges","Contractor Services","Cementation/Stim","","","","6395.6","Under Process"
"251","Sprint Oil & Gas Services FZ-Pakistan","CMT-PK-0925-018","OGDCL-SCM-SERVICES-CB-CEM-265732025-4600000803-2025","QP-64","","","","2026-10-07","2025","","","Q3","Monthly Crew + Technical Engr Charges","Contractor Services","Cementation/Stim","","","","8107.5","Under Process"
"252","Sprint Oil & Gas Services FZ-Pakistan","CMT-PK-0925-019","OGDCL-SCM-SERVICES-CB-CEM-265732025-4600000803-2025","BITRISM EAST-1","","","","2026-10-07","2025","","","Q1","Equipment Demob+ Monthly Crew Charges","Contractor Services","Cementation/Stim","","","","9817.6","Under Process"
"253","Sprint Oil & Gas Services FZ-Pakistan","CMT-PK-0925-020","OGDCL-SCM-SERVICES-CB-CEM-265732025-4600000803-2025","KHATIAN-1","","","","2026-10-07","2025","","","Q3","Monthly Crew Charges","Contractor Services","Cementation/Stim","","","","118","Under Process"
"254","Sprint Oil & Gas Services FZ-Pakistan","CMT-PK-0925-021","OGDCL-SCM-SERVICES-CB-CEM-265732025-4600000803-2025","QP-64","","","","2026-10-07","2025","","","Q1","Slurry & Spacer Charges KOP","Contractor Services","Cementation/Stim","","","","20324.91","Under Process"
"255","Sprint Oil & Gas Services FZ-Pakistan","CMT-PK-0925-022","OGDCL-SCM-SERVICES-CB-CEM-265732025-4600000803-2025","PASAKHI-14","","","","2026-10-07","2025","","","Q3","Spacer+Addtives Charges 9-5/8"" Csg job","Contractor Services","Cementation/Stim","","","","11726.84","Under Process"
"256","Sprint Oil & Gas Services FZ-Pakistan","CMT-PK-0925-023","OGDCL-SCM-SERVICES-CB-CEM-265732025-4600000803-2025","JHAKRO NORTH-1","","","","2026-10-07","2025","","","Q4","Spacer+Addtives Charges 13-3/8"" Csg job","Contractor Services","Cementation/Stim","","","","11529.308","Under Process"
"257","Sprint Oil & Gas Services FZ-Pakistan","CMT-PK-0925-024","OGDCL-SCM-SERVICES-CB-CEM-265732025-4600000803-2025","QP-64","","","","2026-10-07","2025","","","Q3","Slurry & Spacer Charges 9-5/8"" Csg Job","Contractor Services","Cementation/Stim","","","","18939","Under Process"
"258","Sprint Oil & Gas Services FZ-Pakistan","CMT-PK-1013-009","PROC-FD/CB/WS-299-767298 /2013","MELA-04","","","","2026-10-07","2013","","","Q4","","Contractor Services","Cementation/Stim","","","","29650","Under Process"
"259","Sprint Oil & Gas Services FZ-Pakistan","CMT-PK-1013-017","PROC-FD/CB/WS-299-767298 /2013","MELA-04","","","","2026-10-07","2013","","","Q4","","Contractor Services","Cementation/Stim","","","","15950","Under Process"
"260","Sprint Oil & Gas Services FZ-Pakistan","CMT-PK-1014-003","PROC-FD/CB/WS-299-767298 /2013","MELA-4","","","","2026-10-07","2014","","","Q1","","Contractor Services","Cementation/Stim","","","","18342.5","Under Process"
"261","Sprint Oil & Gas Services FZ-Pakistan","CMT-PK-1014-009","PROC-FD/CB/WS-299-767298 /2013","MELA-4","","","","2026-10-07","2014","","","Q1","","Contractor Services","Cementation/Stim","","","","23943","Under Process"
"262","Sprint Oil & Gas Services FZ-Pakistan","CMT-PK-1025-002","OGDCL-SCM-SERVICES-CB-CEM-265732025-4600000803-2025","PASAKHI-14","","","","2026-10-07","2025","","","Q4","Slurry,Additives & Spacer T Charges 7"" Liner Job","Contractor Services","Cementation/Stim","","","","34041.0884","Under Process"
"263","Sprint Oil & Gas Services FZ-Pakistan","CMT-PK-1025-003","OGDCL-SCM-SERVICES-CB-CEM-265732025-4600000803-2025","BITRISM EAST-1","","","","2026-10-07","2025","","","Q2","Slurry & Spacer Charges Thixotropic LCP","Contractor Services","Cementation/Stim","","","","4514.6564","Under Process"
"264","Sprint Oil & Gas Services FZ-Pakistan","CMT-PK-1025-005","OGDCL-SCM-SERVICES-CB-CEM-265732025-4600000803-2025","KHATIAN-1","","","","2026-10-07","2025","","","Q1","Slurry & Spacer Charges for 9-5/8"" Csg Job","Contractor Services","Cementation/Stim","","","","61047.2764","Under Process"
"265","Sprint Oil & Gas Services FZ-Pakistan","CMT-PK-1025-006","OGDCL-SCM-SERVICES-CB-CEM-265732025-4600000803-2025","BITRISM EAST-1","","","","2026-10-07","2025","","","Q3","Slurry,Additives & Spacer Charges 9-5/8"" Csg Job","Contractor Services","Cementation/Stim","","","","47963.519","Under Process"
"266","Sprint Oil & Gas Services FZ-Pakistan","CMT-PK-1025-007","OGDCL-SCM-SERVICES-CB-CEM-265732025-4600000803-2025","BITRISM EAST-1","","","","2026-10-07","2025","","","Q3","Slurry,HCS Agent & Spacer T Charges 7"" Liner Job","Contractor Services","Cementation/Stim","","","","74284.5046","Under Process"
"267","Sprint Oil & Gas Services FZ-Pakistan","CMT-PK-1025-008","OGDCL-SCM-SERVICES-CB-CEM-265732025-4600000803-2025","CHAKAR-1","","","","2026-10-07","2025","","","Q3","Slurry & Spacer Charges 7"" Csg Job","Contractor Services","Cementation/Stim","","","","23207.65","Under Process"
"268","Sprint Oil & Gas Services FZ-Pakistan","CMT-PK-1025-009","OGDCL-SCM-SERVICES-CB-CEM-265732025-4600000803-2025","KHATIAN-1","","","","2026-10-07","2025","","","Q3","Slurry,Additives & Spacer T Charges 7"" Liner Job","Contractor Services","Cementation/Stim","","","","39634.135","Under Process"
"269","Sprint Oil & Gas Services FZ-Pakistan","CMT-PK-1025-010","OGDCL-SCM-SERVICES-CB-CEM-265732025-4600000803-2025","JHAKRO NORTH-1","","","","2026-10-07","2025","","","Q2","Tank mob+ Monthly Crew Charges","Contractor Services","Cementation/Stim","","","","8165","Under Process"
"270","Sprint Oil & Gas Services FZ-Pakistan","CMT-PK-1113-004","PROC-FD/CB/WS-299-767298 /2013","RAJIAN-08","","","","2026-10-07","2013","","","Q3","","Contractor Services","Cementation/Stim","","","","93090","Under Process"
"271","Sprint Oil & Gas Services FZ-Pakistan","CMT-PK-1113-007","PROC-FD/CB/WS-299-767298 /2013","MELA-04","","","","2026-10-07","2014","","","Q3","","Contractor Services","Cementation/Stim","","","","15950","Under Process"
"272","Sprint Oil & Gas Services FZ-Pakistan","CMT-PK-1114-001","PROC-FD/CB/WS-299-767298 /2013","MELA-4","","","","2026-10-07","2014","","","Q4","","Contractor Services","Cementation/Stim","","","","18342.5","Under Process"
"273","Sprint Oil & Gas Services FZ-Pakistan","CMT-PK-1125-003","OGDCL-SCM-SERVICES-CB-CEM-265732025-4600000803-2025","QP-64","","","","2026-10-07","2025","","","Q3","Slurry,Well Wash,HCS Agent & Spacer T Charges 5"" Liner Job","Contractor Services","Cementation/Stim","","","","67588.8778","Under Process"
"274","Sprint Oil & Gas Services FZ-Pakistan","CMT-PK-1125-004","OGDCL-SCM-SERVICES-CB-CEM-265732025-4600000803-2025","JHAL MAGSI-2","","","","2026-10-07","2025","","","Q1","Batch Treatment Charges","Contractor Services","Cementation/Stim","","","","383.5","Under Process"
"275","Sprint Oil & Gas Services FZ-Pakistan","CMT-PK-1125-005","OGDCL-SCM-SERVICES-CB-CEM-265732025-4600000803-2025","QP-64","","","","2026-10-07","2025","","","Q4","Monthly Crew + Technical Engr Charges","Contractor Services","Cementation/Stim","","","","8107.5","Under Process"
"276","Sprint Oil & Gas Services FZ-Pakistan","CMT-PK-1125-006","OGDCL-SCM-SERVICES-CB-CEM-265732025-4600000803-2025","PASAKHI-14","","","","2026-10-07","2025","","","Q4","Solution Tank DEMOB+per day Charges","Contractor Services","Cementation/Stim","","","","6145.6","Under Process"
"277","Sprint Oil & Gas Services FZ-Pakistan","CMT-PK-1125-007","OGDCL-SCM-SERVICES-CB-CEM-265732025-4600000803-2025","QP-64","","","","2026-10-07","2025","","","Q1","Slurry,HCS Agent & Spacer T Charges 7"" Liner Job","Contractor Services","Cementation/Stim","","","","67267.6818","Under Process"
"278","Sprint Oil & Gas Services FZ-Pakistan","CMT-PK-1125-008","OGDCL-SCM-SERVICES-CB-CEM-265732025-4600000803-2025","DARS DEEP-1A","","","","2026-10-07","2025","","","Q4","Slurry & Spacer Charges KOP Job","Contractor Services","Cementation/Stim","","","","5495.28","Under Process"
"279","Sprint Oil & Gas Services FZ-Pakistan","CMT-PK-1125-009","OGDCL-SCM-SERVICES-CB-CEM-265732025-4600000803-2025","KHATIAN-1","","","","2026-10-07","2025","","","Q1","Additives Charges Intermediate & Top PNA Job","Contractor Services","Cementation/Stim","","","","475.953","Under Process"
"280","Sprint Oil & Gas Services FZ-Pakistan","CMT-PK-1125-010","OGDCL-SCM-SERVICES-CB-CEM-265732025-4600000803-2025","KHATIAN-1","","","","2026-10-07","2025","","","Q3","Slurry & Spacer Charges Bottom PNA Job","Contractor Services","Cementation/Stim","","","","4810.683","Under Process"
"281","Sprint Oil & Gas Services FZ-Pakistan","CMT-PK-1125-011","OGDCL-SCM-SERVICES-CB-CEM-265732025-4600000803-2025","UCH-1","","","","2026-10-07","2025","","","Q4","Batch Treatment Charges","Contractor Services","Cementation/Stim","","","","2035.5","Under Process"
"282","Sprint Oil & Gas Services FZ-Pakistan","CMT-PK-1125-012","OGDCL-SCM-SERVICES-CB-CEM-265732025-4600000803-2025","KHATIAN-1","","","","2026-10-07","2025","","","Q4","Monthly Crew Charges","Contractor Services","Cementation/Stim","","","","118","Under Process"
"283","Sprint Oil & Gas Services FZ-Pakistan","CMT-PK-1125-013","OGDCL-SCM-SERVICES-CB-CEM-265732025-4600000803-2025","BITRISM EAST-1","","","","2026-10-07","2025","","","Q4","Monthly Crew Charges","Contractor Services","Cementation/Stim","","","","118","Under Process"
"284","Sprint Oil & Gas Services FZ-Pakistan","CMT-PK-1125-014","OGDCL-SCM-SERVICES-CB-CEM-265732025-4600000803-2025","OGDCL RIGS","","","","2026-10-07","2025","","","Q2","Additives Charges","Contractor Services","Cementation/Stim","","","","8974.49","Under Process"
"285","Sprint Oil & Gas Services FZ-Pakistan","CMT-PK-1125-015","OGDCL-SCM-SERVICES-CB-CEM-265732025-4600000803-2025","JHAKRO NORTH-1","","","","2026-10-07","2025","","","Q3","Monthly Crew Charges","Contractor Services","Cementation/Stim","","","","118","Under Process"
"286","Sprint Oil & Gas Services FZ-Pakistan","CMT-PK-1213-004","PROC-FD/CB/WS-299-767298 /2013","MELA-04","","","","2026-10-07","2014","","","Q2","","Contractor Services","Cementation/Stim","","","","15950","Under Process"
"287","Sprint Oil & Gas Services FZ-Pakistan","CMT-PK-1214-007","PROC-FD/CB/WS-299-767298 /2013","DAKHNI DEEP-5","","","","2026-10-07","2015","","","Q4","","Contractor Services","Cementation/Stim","","","","14291.2","Under Process"
"288","Sprint Oil & Gas Services FZ-Pakistan","CMT-PK-1214-008","PROC-FD/CB/WS-299-767298 /2013","MELA-4","","","","2026-10-07","2014","","","Q2","","Contractor Services","Cementation/Stim","","","","20552.42","Under Process"
"289","Sprint Oil & Gas Services FZ-Pakistan","CMT-PK-1214-009","PROC-FD/CB/WS-299-767298 /2013","NASHPA-5","","","","2026-10-07","2014","","","Q3","","Contractor Services","Cementation/Stim","","","","22442.25","Under Process"
"290","Sprint Oil & Gas Services FZ-Pakistan","CMT-PK-1214-012","PROC-FD/CB/WS-299-767298 /2013","NASHPA-5","","","","2026-10-07","2014","","","Q1","","Contractor Services","Cementation/Stim","","","","157952.5","Under Process"
"291","Sprint Oil & Gas Services FZ-Pakistan","CMT-PK-1214-013","PROC-FD/CB/WS-299-767298 /2013","DAKHNI DEEP-5","","","","2026-10-07","2014","","","Q1","","Contractor Services","Cementation/Stim","","","","13862","Under Process"
"292","Sprint Oil & Gas Services FZ-Pakistan","CMT-PK-1214-015","PROC-FD/CB/WS-299-767298 /2013","NASHPA-5","","","","2026-10-07","2014","","","Q3","","Contractor Services","Cementation/Stim","","","","18342.5","Under Process"
"293","Sprint Oil & Gas Services FZ-Pakistan","CMT-PK-1225-005","OGDCL-SCM-SERVICES-CB-CEM-265732025-4600000803-2025","CHANDIO-1","","","","2026-10-07","2025","","","Q3","Slurry & Spacer Charges Cement Base Plug","Contractor Services","Cementation/Stim","","","","5827.371","Under Process"
"294","Sprint Oil & Gas Services FZ-Pakistan","CMT-PK-1225-006","OGDCL-SCM-SERVICES-CB-CEM-265732025-4600000803-2025","BITRISM EAST-1","","","","2026-10-07","2025","","","Q2","Equipment Demob+ Monthly Crew Charges","Contractor Services","Cementation/Stim","","","","1988.3","Under Process"
"295","Sprint Oil & Gas Services FZ-Pakistan","CMT-PK-1225-007","OGDCL-SCM-SERVICES-CB-CEM-265732025-4600000803-2025","DARS DEEP-1A","","","","2026-10-07","2025","","","Q1","Batch Mixer +Monthly Personnel+mob Charges","Contractor Services","Cementation/Stim","","","","6926.6","Under Process"
"296","Sprint Oil & Gas Services FZ-Pakistan","CMT-PK-1225-008","OGDCL-SCM-SERVICES-CB-CEM-265732025-4600000803-2025","DARS DEEP-1A","","","","2026-10-07","2025","","","Q3","Slurry & Spacer Charges 7"" Csg Job","Contractor Services","Cementation/Stim","","","","35075.618","Under Process"
"297","Sprint Oil & Gas Services FZ-Pakistan","CMT-PK-1225-009","OGDCL-SCM-SERVICES-CB-CEM-265732025-4600000803-2025","GAJA WAH-1","","","","2026-10-07","2025","","","Q3","Slurry & Spacer Charges Squeeze Cement Plug","Contractor Services","Cementation/Stim","","","","3534.749","Under Process"
"298","Sprint Oil & Gas Services FZ-Pakistan","CMT-PK-1225-010","OGDCL-SCM-SERVICES-CB-CEM-265732025-4600000803-2025","CHANDIO-1","","","","2026-10-07","2025","","","Q3","Additives Charges Top PNA Job","Contractor Services","Cementation/Stim","","","","211.0902","Under Process"
"299","Sprint Oil & Gas Services FZ-Pakistan","CMT-PK-1225-011","OGDCL-SCM-SERVICES-CB-CEM-265732025-4600000803-2025","JHAKRO NORTH-1","","","","2026-10-07","2025","","","Q3","Slurry,HCS Agent & Spacer Charges Remedial Job","Contractor Services","Cementation/Stim","","","","6625.6528","Under Process"
"300","Sprint Oil & Gas Services FZ-Pakistan","CMT-PK-1225-012","OGDCL-SCM-SERVICES-CB-CEM-265732025-4600000803-2025","JHAKRO NORTH-1","","","","2026-10-07","2025","","","Q3","Monthly Crew + Technical Engr Charges","Contractor Services","Cementation/Stim","","","","8107.5","Under Process"
"301","Sprint Oil & Gas Services FZ-Pakistan","CMT-PK-1225-013","OGDCL-SCM-SERVICES-CB-CEM-265732025-4600000803-2025","PASAKHI-14","","","","2026-10-07","2025","","","Q3","Solution Tank Charges","Contractor Services","Cementation/Stim","","","","3565","Under Process"
"302","Sprint Oil & Gas Services FZ-Pakistan","CMT-PK-1225-014","OGDCL-SCM-SERVICES-CB-CEM-265732025-4600000803-2025","GAJA WAH-1","","","","2026-10-07","2025","","","Q3","Equipment mob+ Monthly Crew Charges","Contractor Services","Cementation/Stim","","","","3503.774","Under Process"
